"ID_FB","VOL_REEL_ABA_M3","COUT_TOTAL_ABA","COUT_ABA_TERRE_M3","VOL_REEL_DEB_M3","COUT_TOTAL_DEB","COUT_DEB_TERRE_M3","VOL_REF","COUTS_ANNEXES_TOTAL","COUTS_ANNEXES_M3","TARIF_PRESTA_TERRE_M3","TARIF_PRESTA_TERRE_TOT"
"FB200015735",157.95,1626.89,10.3000316555872,315.9,1061.42,3.35998733776512,315.9,78.98,0.250015827793606,13.9100348211459,2767.29
"FB200024865",583,6996,12,883,5810.14,6.58,883,0,0,18.58,12806.14
"FB200069430",190.61,2343.73,12.2959445989193,190.61,1405.96,7.37610828393054,190.61,0,0,19.6720528828498,3749.69
"FB210006823",170.5,2206.27,12.94,170.5,1563.49,9.1700293255132,170.5,0,0,22.1100293255132,3769.76
"FB210021530",162,1636.2,10.1,162,999.54,6.17,162,0,0,16.27,2635.74
"FB210021624",364,3676.4,10.1,364,2042.04,5.61,364,0,0,15.71,5718.44
"FB210022193",88.9,849.88,9.5599550056243,98.3,905,9.20651068158698,98.3,0,0,18.7664656872113,1754.88
"FB210022802",154.8,1893.2,12.2299741602067,NA,NA,NA,NA,0,0,NA,NA
"FB210022834",70,651,9.3,NA,NA,NA,NA,0,0,NA,NA
"FB210023069",435,3915,9,435,2610,6,435,0,0,15,6525
"FB210023192",192.1,1832.63,9.53997917751171,192.1,1077.68,5.60999479437793,192.1,0,0,15.1499739718896,2910.31
"FB210023548",324,3823.2,11.8,NA,NA,NA,NA,0,0,NA,NA
"FB210024365",176,1584,9,176,1056,6,176,0,0,15,2640
"FB210024645",291.1,3705.7,12.7299896942631,291.1,2075.54,7.12998969426314,291.1,0,0,19.8599793885263,5781.24
"FB210024680",921.61,3945.86,4.28148566096288,921.61,2419.83,2.62565510356875,921.61,0,0,6.90714076453164,6365.69
"FB210025142",24.87,380.51,15.2999597909127,24.87,190.26,7.65018094089264,24.87,0,0,22.9501407318054,570.77
"FB210028739",102.79,1104.14,10.7417063916723,NA,NA,NA,NA,0,0,NA,NA
"FB210028930",2255.96,14945.89,6.62506870689197,2255.96,8965.52,3.97414847780989,2255.96,0,0,10.5992171847019,23911.41
"FB210028934",249.61,2883.3,11.5512199030488,249.61,1834.08,7.34778254076359,249.61,0,0,18.8990024438123,4717.38
"FB210033551",162.18,1643.08,10.131212233321,162.18,1156.35,7.13004069552349,162.18,0,0,17.2612529288445,2799.43
"FB210035327",87,829.98,9.54,87,488.07,5.61,87,0,0,15.15,1318.05
"FB210035918",597.64,7368.46,12.3292617629342,597.64,4396.97,7.35722173883944,597.64,0,0,19.6864835017736,11765.43
"FB210038493",336.43,148.03,0.440002377909223,336.43,235.5,0.699997027613471,336.43,0,0,1.13999940552269,383.53
"FB210038498",340.41,215.6,0.63335389677154,340.41,267.8,0.786698393114186,340.41,0,0,1.42005228988573,483.4
"FB210038522",1080.49,13554.98,12.5452155966275,1080.49,8173.07,7.56422549028681,1080.49,0,0,20.1094410869143,21728.05
"FB210044225",2421.73,30142.86,12.4468293327497,2421.73,17655.76,7.29055675075256,2421.73,0,0,19.7373860835023,47798.62
"FB210050103",4.42,77.57,17.5497737556561,4.42,80.44,18.1990950226244,4.42,0,0,35.7488687782805,158.01
"FB210052353",426.32,2585.3,6.06422405704635,426.32,1710.53,4.01231469318822,426.32,0,0,10.0765387502346,4295.83
"FB210060349",388.99,3909.34,10.0499755777783,388.99,2773.5,7.13000334198823,388.99,0,0,17.1799789197666,6682.84
"FB210061833",694.5,6625.53,9.54,694.5,3896.15,5.61000719942405,694.5,0,0,15.150007199424,10521.68
"FB210062552",45.67,411.03,9,281.2,1577.53,5.60999288762447,281.2,0,0,14.6099928876245,1988.56
"FB210064007",3681,41963.4,11.4,3681,23926.5,6.5,3681,1540,0.418364574843792,18.3183645748438,67429.9
"FB210064901",245.38,1521.36,6.20001630124704,245.38,858.84,3.50004075311761,245.38,0,0,9.70005705436466,2380.2
"FB210067122",333.1,3856.55,11.5777544280997,333.1,2456.62,7.37502251576103,333.1,0,0,18.9527769438607,6313.17
"FB210067410",871.227,13068.41,15.0000057390324,NA,NA,NA,NA,0,0,NA,NA
"FB210068066",498.03,6130.24,12.3089773708411,779.89,3951.7,5.06699662772955,779.89,0,0,17.3759739985707,10081.94
"FB210068067",347.47,4238.21,12.1973407776211,504.13,2739.07,5.43326126197608,504.13,0,0,17.6306020395972,6977.28
"FB210071611",600.91,6750.46,11.2337288445857,600.91,4286.8,7.13384699871861,600.91,0,0,18.3675758433043,11037.26
"FB210073106",695,8916.85,12.83,695,5942.25,8.55,695,0,0,21.38,14859.1
"FB210073498",366.21,4698.47,12.8299882581033,366.21,2611.08,7.13000737281887,366.21,0,0,19.9599956309222,7309.55
"FB210074438",107.13,1119.71,10.4518808923738,107.13,780.98,7.29002146924298,107.13,0,0,17.7419023616167,1900.69
"FB210074496",121.26,1401.82,11.560448622794,121.26,892.14,7.35724888668976,121.26,0,0,18.9176975094838,2293.96
"FB210074501",15.65,239.45,15.3003194888179,15.65,119.72,7.64984025559105,15.65,0,0,22.9501597444089,359.17
"FB220000019",258.18,2675.15,10.3615694476722,408.18,2910.33,7.13001616933706,408.18,0,0,17.4915856170092,5585.48
"FB220000043",217.65,2764.16,12.7000229726625,217.65,1786.91,8.21001608086377,217.65,0,0,20.9100390535263,4551.07
"FB220003307",1229.11,13145.4,10.6950557720627,1229.11,8067.66,6.56382260334714,1229.11,0,0,17.2588783754099,21213.06
"FB220004062",967,12571,13,989,5548.29,5.61,989,0,0,18.61,18119.29
"FB220004108",568.31,6005.58,10.567436786261,568.31,3779.74,6.65084197005156,568.31,0,0,17.2182787563126,9785.32
"FB220004109",906.02,9386.86,10.3605439173528,906.02,6604.89,7.29000463565926,906.02,0,0,17.6505485530121,15991.75
"FB220004111",733.32,7822.16,10.6667757595593,733.32,4827.53,6.58311514754814,733.32,0,0,17.2498909071074,12649.69
"FB220004112",79.66,767.13,9.63005272407733,79.66,567.98,7.13005272407733,79.66,0,0,16.7601054481547,1335.11
"FB220004132",491.77,5201.94,10.577993777579,491.77,3267.15,6.64365455395815,491.77,0,0,17.2216483315371,8469.09
"FB220004172",720.25,9084.19,12.6125511975009,720.25,5420.7,7.52613675807011,720.25,0,0,20.138687955571,14504.89
"FB220004173",918.77,10197.63,11.0992196088248,918.77,6426.14,6.99428583867562,918.77,0,0,18.0935054475005,16623.77
"FB220004193",495,4572.22,9.23680808080808,495,3347.79,6.76321212121212,495,0,0,16.0000202020202,7920.01
"FB220004195",393,3624.34,9.22223918575064,393,2679.72,6.81862595419847,393,0,0,16.0408651399491,6304.06
"FB220004202",924.45,9623.24,10.4096922494456,924.45,6591.33,7.1300016225864,924.45,0,0,17.539693872032,16214.57
"FB220005933",692.02,3875.32,5.60001156035953,692.02,2449.76,3.54001329441346,692.02,0,0,9.14002485477298,6325.08
"FB220006726",125.755,1634.82,13.0000397598505,125.755,1383.31,11.0000397598505,125.755,0,0,24.000079519701,3018.13
"FB220007895",1166,12826,11,1166,6996,6,1166,0,0,17,19822
"FB220007896",930,10230,11,NA,NA,NA,NA,0,0,NA,NA
"FB220007910",166.7,2157.1,12.9400119976005,166.7,1631.99,9.78998200359928,166.7,0,0,22.7299940011998,3789.09
"FB220008591",665,5985,9,665,3990,6,665,0,0,15,9975
"FB220008609",35.5,436.65,12.3,NA,NA,NA,NA,0,0,NA,NA
"FB220008617",37.5,485.25,12.94,37.5,345.38,9.21013333333333,37.5,0,0,22.1501333333333,830.63
"FB220008855",303,3302.7,10.9,216,1276.56,5.91,216,0,0,16.81,4579.26
"FB220010186",693,9563.4,13.8,840,5460,6.5,840,0,0,20.3,15023.4
"FB220010931",690.333,6903.33,10,690.333,6868.81,9.94999514726951,690.333,1380.67,2.00000579430507,21.9500009415746,15152.81
"FB220013220",1514.06,8269.2,5.46160654135239,1814.06,6920.64,3.81500060637465,1814.06,0,0,9.27660714772704,15189.84
"FB220013400",82.203,747.23,9.09005754047906,NA,NA,NA,NA,0,0,NA,NA
"FB220013401",84,763.56,9.09,NA,NA,NA,NA,0,0,NA,NA
"FB220014751",328.69,4019.57,12.2290608171834,487.64,2595.86,5.32331227955049,487.64,0,0,17.5523730967339,6615.43
"FB220016564",785.71,9051.38,11.5200010181874,785.71,8226.38,10.4699952908834,785.71,0,0,21.9899963090708,17277.76
"FB220017881",445.7,5005.21,11.2299977563383,445.7,2500.38,5.61000673098497,445.7,0,0,16.8400044873233,7505.59
"FB220019140",245.996,2890.45,11.7499878046798,246,2263.2,9.2,246,0,0,20.9499878046798,5153.65
"FB220019141",150,1747.5,11.65,143.46,903.8,6.30001394116827,143.46,0,0,17.9500139411683,2651.3
"FB220019175",105.8,1246.33,11.780056710775,NA,NA,NA,NA,0,0,NA,NA
"FB220019367",810,9395,11.5987654320988,810,15715,19.4012345679012,810,2624.98,3.24071604938272,34.2407160493827,27734.98
"FB220019704",487.79,5034.38,10.3207937842104,487.79,3555.99,7.29000184505627,487.79,0,0,17.6107956292667,8590.37
"FB220019726",444.87,5707.68,12.8299952795199,444.87,3171.92,7.12999303167217,444.87,0,0,19.959988311192,8879.6
"FB220020101",18.31,205.44,11.2200983069361,18.31,130.73,7.1398143091207,18.31,0,0,18.3599126160568,336.17
"FB220020913",401.4,3663.64,9.12715495764823,401.4,2422.61,6.03540109616343,401.4,0,0,15.1625560538117,6086.25
"FB220021094",150,1632,10.88,201,1507.5,7.5,201,0,0,18.38,3139.5
"FB220021098",197.37,2823.84,14.3073415412677,488.37,3940.41,8.06849315068493,488.37,0,0,22.3758346919526,6764.25
"FB220022787",650.4,6204.82,9.5400061500615,650.4,3648.74,5.6099938499385,650.4,0,0,15.15,9853.56
"FB220022808",200,2180,10.9,259.6,1640.67,6.31999229583975,259.6,0,0,17.2199922958398,3820.67
"FB220022837",942.6,13149.27,13.95,934.6,5523.49,5.91000427990584,934.6,630,0.674085170126257,20.5340894500321,19302.76
"FB220024484",720,8460,11.75,720.34,6713.57,9.32000166588,720.34,0,0,21.07000166588,15173.57
"FB220024487",646,7538.82,11.67,646.48,4059.89,6.27999319391164,646.48,0,0,17.9499931939116,11598.71
"FB220026130",377,4331.73,11.49,396,2221.56,5.61,396,0,0,17.1,6553.29
"FB220026145",761.64,8606.53,11.2999973740875,761.64,6512.02,8.5499973740875,761.64,6460,8.48169738984297,28.331692138018,21578.55
"FB220026146",876.32,10068.92,11.4900036516341,876.32,5538.34,6.31999726127442,876.32,0,0,17.8100009129085,15607.26
"FB220026638",832,8827.52,10.61,832,4975.36,5.98,832,0,0,16.59,13802.88
"FB220028670",589.443,6189.66,10.5008626788341,554.088,4795.57,8.65488875413292,554.088,1108.18,2.0000072190699,21.1557586520369,12093.41
"FB220030598",20.985,210.82,10.0462234929712,21.12,141.29,6.68986742424242,21.12,0,0,16.7360909172136,352.11
"FB220030661",56.49,534.62,9.46397592494247,56.49,379.83,6.72384492830589,56.49,0,0,16.1878208532484,914.45
"FB220030747",273.41,2925.49,10.7000109725321,273.41,1708.81,6.24999085622325,273.41,0,0,16.9500018287553,4634.3
"FB220030797",429.14,5401.55,12.5869180220907,794.97,3460.42,4.35289381989257,794.97,0,0,16.9398118419833,8861.97
"FB220030977",906.98,9300.6,10.2544708813866,1277.53,6982.43,5.46557028014998,1277.53,0,0,15.7200411615366,16283.03
"FB220030998",155.73,1878.1,12.0599755987928,155.73,1110.35,7.12996853528543,155.73,0,0,19.1899441340782,2988.45
"FB220031780",609.121,6005.4,9.8591248700997,NA,NA,NA,NA,735.45,0,NA,NA
"FB220033229",662,6315.48,9.54,662,3713.82,5.61,662,0,0,15.15,10029.3
"FB220035304",1275.35,15638.46,12.2620927588505,1275.35,9431.61,7.39531109107304,1275.35,0,0,19.6574038499236,25070.07
"FB220035309",596.16,3911.29,6.56080582393988,596.16,2390.9,4.01050053676865,596.16,0,0,10.5713063607085,6302.19
"FB220035736",93.229,1208.95,12.9675315620676,93.229,879.15,9.43000568492636,93.229,0,0,22.397537246994,2088.1
"FB220035739",55,640.75,11.65,61.1,383.71,6.28003273322422,61.1,0,0,17.9300327332242,1024.46
"FB220035746",637,7765.03,12.19,637,5172.44,8.12,637,0,0,20.31,12937.47
"FB220036538",927.884,10902.64,11.7500032331628,941.885,7299.61,7.75000132712592,941.885,770.3,0.817828078799429,20.3178326390881,18972.55
"FB220037013",885,7965,9,885,5310,6,885,0,0,15,13275
"FB220038340",170.785,1793.24,10.4999853617121,176.485,1623.66,9.19998866759215,176.485,0,0,19.6999740293042,3416.9
"FB220038341",294,3381,11.5,294,1911,6.5,294,0,0,18,5292
"FB220042764",478.01,5944.84,12.4366435848622,478.01,3645.14,7.62565636702161,478.01,0,0,20.0622999518839,9589.98
"FB220042778",655.46,7532.28,11.4915936899277,655.46,4776.01,7.28650108320874,655.46,0,0,18.7780947731364,12308.29
"FB220042779",350.49,4026.91,11.4893720220263,350.49,2553.04,7.28420211703615,350.49,0,0,18.7735741390625,6579.95
"FB220042897",187.92,2207.57,11.74739250745,187.92,1349.49,7.18119412515964,187.92,0,0,18.9285866326096,3557.06
"FB220044462",324.5,4095.95,12.6223420647149,324.5,2440.44,7.52061633281972,324.5,0,0,20.1429583975347,6536.39
"FB220046077",2697.2,17975.24,6.66440753373869,2697.2,10659.07,3.95190197241584,2697.2,0,0,10.6163095061545,28634.31
"FB220047121",805.97,8580.5,10.6461778974404,805.97,5066.68,6.28643746045138,805.97,0,0,16.9326153578917,13647.18
"FB220047122",582.06,3187.61,5.4764285468852,582.06,2220.57,3.81501907019895,582.06,0,0,9.29144761708415,5408.18
"FB220049055",322.21,4320.77,13.4097948542876,322.21,2584.3,8.02054560690233,322.21,0,0,21.4303404611899,6905.07
"FB220049063",213.78,1211.07,5.66502946954813,NA,NA,NA,NA,0,0,NA,NA
"FB220050025",856.22,12345.46,14.4185606503002,856.22,6104.85,7.13000163509378,856.22,0,0,21.5485622853939,18450.31
"FB220050815",42.75,457.43,10.7001169590643,42.75,281.3,6.58011695906433,42.75,0,0,17.2802339181287,738.73
"FB220050819",578.85,7246.15,12.5181826034379,578.85,4387.4,7.57951109959402,578.85,0,0,20.0976937030319,11633.55
"FB220052639",298.63,5972.6,20,298.63,5375.34,18,298.63,298.63,1,39,11646.57
"FB220052876",58,750.52,12.94,58,534.18,9.21,58,0,0,22.15,1284.7
"FB220053012",80.616,1048.01,13.0000248089709,80.616,1048.01,13.0000248089709,80.616,0,0,26.0000496179418,2096.02
"FB220053399",430.86,4824,11.1962122267094,430.86,3056.93,7.0949496356125,430.86,0,0,18.2911618623219,7880.93
"FB220053857",609.26,7419.06,12.1771657420477,871.29,4797.03,5.5056640154254,871.29,0,0,17.6828297574731,12216.09
"FB220053959",831.6,9555.08,11.4899951899952,913.803,5126.43,5.60999471439687,913.803,0,0,17.0999899043921,14681.51
"FB220054010",350,5337.5,15.25,368.5,2653.2,7.2,368.5,0,0,22.45,7990.7
"FB220054033",406.04,4624.8,11.3900108363708,406.04,2277.88,5.6099891636292,406.04,240,0.591074770958526,17.5910747709585,7142.68
"FB220054040",895,10283.55,11.49,895,5020.95,5.61,895,0,0,17.1,15304.5
"FB220054151",345.36,4193.05,12.1410991429233,345.36,2577.74,7.46392170488765,345.36,0,0,19.605020847811,6770.79
"FB220055478",470,5470.06,11.6384255319149,470,2966.5,6.31170212765957,470,0,0,17.9501276595745,8436.56
"FB220055523",1144.026,8107.55,7.08685816581092,870.44,6093.08,7,870.44,0,0,14.0868581658109,14200.63
"FB220055617",1709.68,18806.48,11,1709.68,10258.08,6,1709.68,0,0,17,29064.56
"FB220055646",1096.054,12571.75,11.4700096893036,1096.06,9513.79,8.67999014652482,1096.06,0,0,20.1499998358285,22085.54
"FB220055681",310,4278,13.8,NA,NA,NA,NA,0,0,NA,NA
"FB220055727",863.5,10862.83,12.58,863.5,8937.23,10.350005790388,863.5,600,0.694846554719166,23.6248523451071,20400.06
"FB220055910",87.3,1161.09,13.3,370.9,3132.5,8.44567268805608,370.9,0,0,21.7456726880561,4293.59
"FB220056050",325.021,4875.32,15.0000153836214,369.09,4521.35,12.2499932265843,369.09,7200,19.5074372104365,46.7574458206421,16596.67
"FB220057281",1210,15125,12.5,1210,7865,6.5,1210,0,0,19,22990
"FB220058355",1204,12040,10,254,1639,6.45275590551181,254,0,0,16.4527559055118,13679
"FB220058656",81.11,781.09,9.63000863025521,81.11,578.31,7.12994698557514,81.11,0,0,16.7599556158304,1359.4
"FB220058657",9.3,89.56,9.63010752688172,9.3,66.31,7.13010752688172,9.3,0,0,16.7602150537634,155.87
"FB220058658",17.8,171.41,9.62977528089888,17.8,126.91,7.12977528089888,17.8,0,0,16.7595505617978,298.32
"FB220058864",566.8,6455.85,11.3899964714185,1269.8,7767.55,6.11714443219405,1269.8,0,0,17.5071409036125,14223.4
"FB220062525",168,1599.36,9.52,NA,NA,NA,NA,0,0,NA,NA
"FB220062529",336,3860.64,11.49,2035.48,12553.27,6.16722836873858,2035.48,560,0.275119382160473,17.932347750899,16973.91
"FB220063130",1017.8,9709.81,9.5399980349774,1017.8,5709.86,5.6100019650226,1017.8,0,0,15.15,15419.67
"FB220063678",173.28,2007.17,11.583391043398,65.14,464.45,7.13002763279091,65.14,0,0,18.7134186761889,2471.62
"FB220064893",488.42,5745.39,11.7632160845174,488.42,3156.29,6.46224560828795,488.42,0,0,18.2254616928054,8901.68
"FB220064894",844.76,8547.01,10.1176783938633,844.76,6023.14,7.1300014205218,844.76,0,0,17.2476798143852,14570.15
"FB220066273",106.05,1346.84,12.7000471475719,106.05,870.67,8.20999528524281,106.05,0,0,20.9100424328147,2217.51
"FB220068372",332.598,3911.35,11.7599925435511,332.598,2916.88,8.76998659041846,332.598,0,0,20.5299791339695,6828.23
"FB220068712",849.28,10595.56,12.4759325546345,1476.11,6804.55,4.60978517861135,1476.11,0,0,17.0857177332459,17400.11
"FB220068713",722.96,9038.2,12.5016598428682,722.96,5486.44,7.58885692154476,722.96,0,0,20.090516764413,14524.64
"FB220068781",651.04,7550.07,11.5969372081593,651.04,4814.27,7.39473765052839,651.04,0,0,18.9916748586876,12364.34
"FB220068804",2100,21000,10,2100,12600,6,2100,0,0,16,33600
"FB220068977",97.1,1038.97,10.7,252.39,2282.8,9.0447323586513,252.39,0,0,19.7447323586513,3321.77
"FB220068983",291,2802.33,9.63,521.9,3574.46,6.84893657788848,521.9,0,0,16.4789365778885,6376.79
"FB220071282",622.099,7682.92,12.3499957402278,622.09,6376.43,10.2500120561334,622.09,0,0,22.6000077963612,14059.35
"FB220071382",216.36,2248.21,10.3910611943058,216.36,1577.26,7.28997966352376,216.36,0,0,17.6810408578295,3825.47
"FB220071383",1096.78,11322.82,10.3236929922136,1096.78,7995.52,7.28999434708875,1096.78,0,0,17.6136873393023,19318.34
"FB220071384",145.12,1430.02,9.85405181918412,145.12,1022.23,7.04403252480706,145.12,0,0,16.8980843439912,2452.25
"FB220071385",862.58,10419.35,12.0792853996151,862.58,6246.98,7.24220362169306,862.58,0,0,19.3214890213082,16666.33
"FB220071391",493.827,5847.11,11.8404015981305,493.91,3458.6,7.00249033224677,493.91,0,0,18.8428919303773,9305.71
"FB220071392",1062.78,10945.59,10.2990176706374,1062.78,7747.67,7.29000357552833,1062.78,0,0,17.5890212461657,18693.26
"FB220071393",321.91,3678.12,11.425926501196,321.91,2323.89,7.21906744121028,321.91,0,0,18.6449939424063,6002.01
"FB220071394",533.64,6655.49,12.4718724233566,533.64,4058.7,7.6056892286935,533.64,0,0,20.0775616520501,10714.19
"FB220071395",1048.17,13156.01,12.5514086455441,1048.17,7924.91,7.5607105717584,1048.17,0,0,20.1121192173025,21080.92
"FB220071396",510.66,6398.88,12.5306074491834,510.66,3866.96,7.57247483648612,510.66,0,0,20.1030822856695,10265.84
"FB220071398",414.64,5172.85,12.4755209338221,414.64,3152.78,7.60365618367741,414.64,0,0,20.0791771174995,8325.63
"FB220071399",774.41,7387.87,9.5399981921721,774.41,5211.78,6.73000090391395,774.41,0,0,16.2699990960861,12599.65
"FB220071400",374.26,3656.31,9.7694383583605,374.26,2604.64,6.95943996152407,374.26,0,0,16.7288783198846,6260.95
"FB220071412",569.51,5896.2,10.3531105687345,569.51,4151.73,7.29000368738038,569.51,0,0,17.6431142561149,10047.93
"FB220071413",529.58,2953.02,5.57615468862117,529.58,1878.16,3.54650855394841,529.58,0,0,9.12266324256958,4831.18
"FB220071414",293.34,1705.6,5.81441330878844,293.34,1116.01,3.80449307970273,293.34,0,0,9.61890638849117,2821.61
"FB220071416",444.04,4862.24,10.9500045040987,444.04,2837.42,6.3900099090172,444.04,0,0,17.3400144131159,7699.66
"FB220071499",825.96,8522.01,10.3177030364667,625.96,4563.25,7.29000255607387,625.96,0,0,17.6077055925405,13085.26
"FB220072297",534,5393.4,10.1,534,2995.74,5.61,534,0,0,15.71,8389.14
"FB220074089",3337,31974.67,9.58186095295175,3337,18439.46,5.52575966436919,3337,0,0,15.1076206173209,50414.13
"FB220074838",310.48,1419.24,4.571115691832,NA,NA,NA,NA,0,0,NA,NA
"FB230000023",573.09,5702.42,9.95030448969621,573.09,4063.38,7.09029995288698,573.09,0,0,17.0406044425832,9765.8
"FB230000040",691.91,7171.68,10.3650474772731,691.91,5044.03,7.29000881617552,691.91,0,0,17.6550562934486,12215.71
"FB230000042",936.13,10001.39,10.6837618706804,936.13,6151.82,6.57154455043637,936.13,0,0,17.2553064211167,16153.21
"FB230000044",148.91,1572.74,10.5616815526157,148.91,990.96,6.65475790746088,148.91,0,0,17.2164394600766,2563.7
"FB230000048",1033.33,12926.05,12.5091209971645,1033.33,7837.44,7.58464382143168,1033.33,0,0,20.0937648185962,20763.49
"FB230000250",1524.7,8622.06,5.65492227979274,1524.7,5938.7,3.89499573686627,1524.7,0,0,9.54991801665901,14560.76
"FB230002266",19.88,304.16,15.2997987927565,19.88,152.08,7.64989939637827,19.88,0,0,22.9496981891348,456.24
"FB230002364",600.18,6192.12,10.3171048685394,600.18,4375.31,7.289996334433,600.18,0,0,17.6071012029724,10567.43
"FB230003231",203,2888.69,14.23,203.287,1825.52,8.98001347848116,203.287,0,0,23.2100134784812,4714.21
"FB230003236",392,5789.84,14.77,392,4398.24,11.22,392,0,0,25.99,10188.08
"FB230003237",514,7314.22,14.23,514.422,4619.51,8.98000085532889,514.422,0,0,23.2100008553289,11933.73
"FB230004069",33.2,335.32,10.1,1089.6,6722.83,6.16999816446402,1089.6,0,0,16.269998164464,7058.15
"FB230004600",10.1,121.6,12.039603960396,10.1,79.29,7.85049504950495,10.1,0,0,19.890099009901,200.89
"FB230004672",434.1,4384.41,10.1,434.1,2435.3,5.60999769638332,434.1,0,0,15.7099976963833,6819.71
"FB230005138",1821.463,9107.32,5.00000274504615,NA,NA,NA,NA,9500,0,NA,NA
"FB230005227",506.07,6093.08,12.0399944671686,506.07,3972.65,7.85000098800561,506.07,0,0,19.8899954551742,10065.73
"FB230005420",2.03,31.06,15.3004926108374,2.03,15.53,7.65024630541872,2.03,0,0,22.9507389162562,46.59
"FB230006337",712.346,7835.81,11.0000056152488,712.346,4274.08,6.00000561524877,712.346,0,0,17.0000112304975,12109.89
"FB230006385",333,3996,12,333,2091.24,6.28,333,0,0,18.28,6087.24
"FB230006615",307.9,3109.79,10.1,307.9,1727.32,5.61000324780773,307.9,0,0,15.7100032478077,4837.11
"FB230007220",1626.8,16174.1,9.9422793213671,1626.8,9338,5.74010327022375,1626.8,0,0,15.6823825915909,25512.1
"FB230007607",1546,14748.84,9.54,1546,8673.06,5.61,1546,0,0,15.15,23421.9
"FB230008026",46,460,10,196,1450.88,7.40244897959184,196,160,0.816326530612245,18.2187755102041,2070.88
"FB230008824",562,5962.82,10.61,562,3990.2,7.1,562,0,0,17.71,9953.02
"FB230008981",811.42,9088.39,11.2005989499889,811.42,5669.8,6.98750338912031,811.42,0,0,18.1881023391092,14758.19
"FB230009128",596.5,6830.61,11.4511483654652,627.3,5726.84,9.12934799936235,627.3,4105,6.54391838036027,27.1244147451878,16662.45
"FB230009134",688.3,6421.84,9.33000145285486,688.3,6015.75,8.74001162283888,688.3,3960,5.75330524480604,23.8233183204998,16397.59
"FB230009148",512.916,5385.62,10.500003899274,512.916,3333.95,6.49999220145209,512.916,0,0,16.999996100726,8719.57
"FB230009161",163.69,1964.28,12,163.69,1461.75,8.92998961451524,163.69,690,4.21528498991997,25.1452746044352,4116.03
"FB230009466",214,2833.36,13.24,214,2144.28,10.02,214,0,0,23.26,4977.64
"FB230009474",415.174,5247.8,12.6400015415224,415.174,3915.09,9.42999802492449,415.174,0,0,22.0699995664468,9162.89
"FB230009499",1123.8,13283.31,11.8199946609717,1123.8,7187.84,6.39601352553835,1123.8,0,0,18.2160081865101,20471.15
"FB230009623",280,3309.6,11.82,280,1960,7,280,0,0,18.82,5269.6
"FB230009882",167.621,2219.3,13.2399878296872,167.621,1679.56,10.0199855626682,167.621,0,0,23.2599733923554,3898.86
"FB230009885",418,5647.18,13.51,418,3277.12,7.84,418,0,0,21.35,8924.3
"FB230011739",2689,25653.06,9.54,2689,15085.29,5.61,2689,0,0,15.15,40738.35
"FB230011878",798.39,7859.58,9.84428662683651,1596.78,6414.5,4.01714700835431,1596.78,0,0,13.8614336351908,14274.08
"FB230012556",891.86,10566.22,11.8473975736102,891.86,6233.08,6.98885475298814,891.86,0,0,18.8362523265983,16799.3
"FB230013613",780.77,7734.69,9.90648974730074,1561.54,6306.28,4.03850045467936,1561.54,0,0,13.9449902019801,14040.97
"FB230013825",1220.47,15614.44,12.793792555327,1220.47,9060.3,7.42361549239227,1220.47,0,0,20.2174080477193,24674.74
"FB230013834",692.03,8959.29,12.946389607387,692.03,5077.63,7.33729751600364,692.03,0,0,20.2836871233906,14036.92
"FB230013835",874.03,11305.33,12.9347161996728,874.03,6418.79,7.3439012390879,874.03,0,0,20.2786174387607,17724.12
"FB230013885",595,4135.25,6.95,595,2299.68,3.86500840336135,595,0,0,10.8150084033613,6434.93
"FB230013895",378.87,3740.69,9.87328107266345,378.87,2676.06,7.06326708369626,378.87,0,0,16.9365481563597,6416.75
"FB230013899",988.76,7876.93,7.96647315829928,587.99,4391.29,7.46830728413749,587.99,0,0,15.4347804424368,12268.22
"FB230014333",474.7,5269.17,11.1,474.7,2663.07,5.61000631978091,474.7,0,0,16.7100063197809,7932.24
"FB230014347",190,1919,10.1,190,1172.3,6.17,190,0,0,16.27,3091.3
"FB230014412",254.2,3174.96,12.4900078678206,254.2,1779.4,7,254.2,0,0,19.4900078678206,4954.36
"FB230014468",42.2,461.67,10.9400473933649,42.2,443.1,10.5,42.2,0,0,21.4400473933649,904.77
"FB230014478",98.6,1078.68,10.9399594320487,98.6,1133.9,11.5,98.6,420,4.25963488843813,26.6995943204868,2632.58
"FB230014922",9785.45,112254.85,11.471608357306,3500,15750,4.5,3500,5220,1.49142857142857,17.4630369287346,133224.85
"FB230015072",710,6908.3,9.73,710,4473,6.3,710,0,0,16.03,11381.3
"FB230015093",202.4,2392.37,11.8200098814229,202.4,1356.08,6.7,202.4,0,0,18.5200098814229,3748.45
"FB230015131",381.1,4954.3,13,381.11,2667.77,7,381.11,0,0,20,7622.07
"FB230015144",726.2,8784.68,12.0967777471771,726.2,5083.4,7,726.2,0,0,19.0967777471771,13868.08
"FB230015202",2900,29000,10,2900,17400,6,2900,0,0,16,46400
"FB230015673",136.02,1690.5,12.4283193647993,136.02,1037.88,7.63034847816498,136.02,0,0,20.0586678429643,2728.38
"FB230015700",393.56,4738.46,12.0399939018193,393.56,3089.45,7.85001016363451,393.56,0,0,19.8900040654538,7827.91
"FB230015701",428.16,5155.05,12.0400084080717,428.16,3361.06,7.85000934230194,428.16,0,0,19.8900177503737,8516.11
"FB230015923",26.484,318.87,12.0400996828274,26.46,252.43,9.5400604686319,26.46,0,0,21.5801601514593,571.3
"FB230016106",1415.723,14072.06,9.93983992631327,1272.781,8909.47,7.00000235704336,1272.781,2259.68,1.77538791041035,18.715230193767,25241.21
"FB230016391",1177.85,14715.36,12.49340747973,1177.85,8944.03,7.59352209534321,1177.85,0,0,20.0869295750732,23659.39
"FB230016410",1230.94,7118.16,5.78270265000731,1140.94,4197.49,3.67897523094992,1140.94,0,0,9.46167788095723,11315.65
"FB230016511",847.6,10552,12.4492685228882,1695.2,6707.8,3.9569372345446,1695.2,0,0,16.4062057574328,17259.8
"FB230017280",642.71,8027.45,12.4900032674145,642.71,4016.94,6.25000388977922,642.71,0,0,18.7400071571938,12044.39
"FB230017874",830,11454,13.8,830,5644,6.8,830,0,0,20.6,17098
"FB230017876",246.638,3265.49,13.2400116770327,246.638,2471.31,10.0199888095103,246.638,0,0,23.260000486543,5736.8
"FB230017907",500.5,5518.72,11.0264135864136,812.06,2934.74,3.61394478240524,812.06,0,0,14.6403583688188,8453.46
"FB230017939",1385.88,7557.14,5.4529540797183,1385.88,5398.02,3.89501255519958,1385.88,0,0,9.34796663491789,12955.16
"FB230018000",1143.15,14693.64,12.8536412544286,1143.15,8854.06,7.7453177623234,1143.15,0,0,20.598959016752,23547.7
"FB230018001",892.95,11453.77,12.826888403606,892.95,6929.54,7.76027773111596,892.95,0,0,20.587166134722,18383.31
"FB230018004",187.69,2470,13.1599978688263,187.69,1289.43,6.86999840161969,187.69,0,0,20.029996270446,3759.43
"FB230018060",1134,10818.36,9.54,1134,6361.74,5.61,1134,0,0,15.15,17180.1
"FB230018260",317.9,3737.02,11.7553318653665,317.9,2278.04,7.16590122680088,317.9,0,0,18.9212330921673,6015.06
"FB230018379",717.792,7895.71,10.9999972136775,717.792,5742.34,8.000005572645,717.792,1435.58,1.999994427355,20.9999972136775,15073.63
"FB230019186",73.58,846.87,11.5095134547431,73.58,537.49,7.30483827126937,73.58,0,0,18.8143517260125,1384.36
"FB230020997",765.64,9325.97,12.1806201347892,765.64,5383.41,7.03125489786323,765.64,0,0,19.2118750326524,14709.38
"FB230020998",426.65,4525.21,10.6063752490332,426.65,2826.25,6.62428219852338,426.65,0,0,17.2306574475565,7351.46
"FB230020999",1009.28,10745.03,10.6462329581484,1009.28,7357.65,7.28999881103361,1009.28,0,0,17.936231769182,18102.68
"FB230021077",562.23,6474.98,11.5166035252477,562.23,4111.14,7.31220319086495,562.23,0,0,18.8288067161126,10586.12
"FB230021140",504,6239.52,12.38,630,5770.8,9.16,630,600,0.952380952380952,22.492380952381,12610.32
"FB230021141",400,5628,14.07,394,3014.1,7.65,394,0,0,21.72,8642.1
"FB230022939",906.98,11600.88,12.7906679309356,925.43,7071.26,7.64105334817328,925.43,4120,4.45198448288904,24.8837057619979,22792.14
"FB230022954",218,2071,9.5,218,1220.8,5.6,218,0,0,15.1,3291.8
"FB230022976",415.5,4483.4,10.7903730445247,420.2,3155.95,7.51059019514517,420.2,0,0,18.3009632396698,7639.35
"FB230023021",360,3441.6,9.56,360,2926.8,8.13,360,0,0,17.69,6368.4
"FB230023294",3633.8,26005.27,7.15649457867797,3633.8,20385.62,5.61000055038802,3633.8,0,0,12.766495129066,46390.89
"FB230023306",1290,13301.97,10.3116046511628,1290,9404.1,7.29,1290,0,0,17.6016046511628,22706.07
"FB230023443",960.101,24002.53,25.0000052077854,NA,NA,NA,NA,0,0,NA,NA
"FB230024253",1024.12,10359.84,10.1158457993204,1024.12,5745.31,5.60999687536617,1024.12,0,0,15.7258426746866,16105.15
"FB230024276",3058.31,29396.09,9.61187387805684,3058.31,20802.24,6.8018742377326,3058.31,0,0,16.4137481157894,50198.33
"FB230024688",22.94,350.98,15.2999128160418,22.94,175.49,7.64995640802092,22.94,0,0,22.9498692240628,526.47
"FB230025545",14.98,229.19,15.2997329773031,14.98,114.6,7.6502002670227,14.98,0,0,22.9499332443258,343.79
"FB230026359",47.517,557.85,11.7400088389419,47.52,422.45,8.88994107744108,47.52,0,0,20.6299499163829,980.3
"FB230027132",709.5,7165.95,10.1,709.5,3980.3,5.61000704721635,709.5,0,0,15.7100070472163,11146.25
"FB230027166",2754.67,33146.94,12.0329985079883,2754.67,25252.13,9.16702545132448,2754.67,0,0,21.2000239593127,58399.07
"FB230028145",2820,30215.58,10.7147446808511,2844,19197,6.75,2844,0,0,17.4647446808511,49412.58
"FB230028149",375.166,4314.41,11.5000026654867,355.166,4084.41,11.5000028155848,355.166,0,0,23.0000054810716,8398.82
"FB230028351",345.79,4412.24,12.7598831660835,345.79,2573.65,7.44281211139709,345.79,0,0,20.2026952774806,6985.89
"FB230028616",314.89,4093.57,13,314.89,3463.79,11,314.89,0,0,24,7557.36
"FB230028619",171.574,2230.46,12.9999883432222,171.574,1887.31,10.9999766864443,171.574,0,0,23.9999650296665,4117.77
"FB230028631",47.846,622,13.0000418007775,47.846,622,13.0000418007775,47.846,0,0,26.000083601555,1244
"FB230029637",1057.7,10458.21,9.88769027134348,1057.7,5933.7,5.61000283634301,1057.7,0,0,15.4976931076865,16391.91
"FB230029671",211.919,2805.81,13.2400115138331,211.919,2123.43,10.0200076444302,211.919,0,0,23.2600191582633,4929.24
"FB230029675",400,6188,15.47,562,4968.08,8.84,562,0,0,24.31,11156.08
"FB230030088",194.77,2652.77,13.6200133490784,194.77,1990.55,10.2200030805566,194.77,0,0,23.840016429635,4643.32
"FB230030115",915,13395.6,14.64,915,6569.7,7.18,915,0,0,21.82,19965.3
"FB230030247",1983.62,18923.73,9.53999758018169,1983.62,14460.59,7.29000010082576,1983.62,0,0,16.8299976810075,33384.32
"FB230030249",1506.72,14466.51,9.60132605925454,1506.72,10983.99,7.29000079643198,1506.72,0,0,16.8913268556865,25450.5
"FB230030395",768.78,7764.68,10.1000026015245,768.78,4312.86,5.61000546320144,768.78,0,0,15.7100080647259,12077.54
"FB230030796",1005.666,12108.22,12.0400013523377,1005.666,9594.05,9.53999638050804,1005.666,0,0,21.5799977328457,21702.27
"FB230030797",580,8160.6,14.07,580,4518.2,7.79,580,0,0,21.86,12678.8
"FB230030984",13,184.99,14.23,12.476,112.03,8.97964091054825,12.476,0,0,23.2096409105483,297.02
"FB230031054",964.65,12854.17,13.3252163997305,1929.3,8181.96,4.24089566163894,1929.3,0,0,17.5661120613694,21036.13
"FB230031158",32,455.36,14.23,33.016,296.48,8.97988853889024,33.016,0,0,23.2098885388902,751.84
"FB230032329",1779.21,21109.25,11.8643948718813,1779.21,12376.48,6.95616593881554,1779.21,0,0,18.8205608106969,33485.73
"FB230032331",678.28,7109.1,10.4810697646989,678.28,4944.67,7.29001297399304,678.28,0,0,17.771082738692,12053.77
"FB230032332",323.93,3442.1,10.6260611860587,323.93,2410.04,7.44000246966937,323.93,0,0,18.0660636557281,5852.14
"FB230033830",1391.25,22399.13,16.1000035938904,1391.25,9738.75,7,1391.25,0,0,23.1000035938904,32137.88
"FB230033849",562.847,6675.37,11.8600081372025,562.847,4429.61,7.87000730216204,562.847,1125.69,1.99999289327295,21.7300083326375,12230.67
"FB230034346",707.7,7147.77,10.1,707.7,3970.2,5.61000423908436,707.7,0,0,15.7100042390844,11117.97
"FB230034482",2360.45,23738.85,10.0569171132623,4720.9,18746.21,3.97089749835836,4720.9,0,0,14.0278146116207,42485.06
"FB230034517",1245.14,15817.49,12.7033827521403,1245.14,9307.11,7.47474982732865,1245.14,0,0,20.178132579469,25124.6
"FB230034848",678.44,5427.52,8,NA,NA,NA,NA,0,0,NA,NA
"FB230034863",4383.188,36230.46,8.26577824177288,4202.608,25215.65,6.00000047589497,4202.608,0,0,14.2657787176678,61446.11
"FB230035078",1805.26,20832.7,11.5399997784253,1500,22575,15.05,1500,0,0,26.5899997784253,43407.7
"FB230035279",217.45,2350.79,10.8107151069211,217.45,1585.21,7.28999770062083,217.45,0,0,18.100712807542,3936
"FB230035287",2452.84,17277.44,7.04385120921055,2452.84,9651.92,3.93499779847034,2452.84,0,0,10.9788490076809,26929.36
"FB230035535",109.55,1137.07,10.3794614331356,109.55,815.05,7.43998174349612,109.55,0,0,17.8194431766317,1952.12
"FB230035542",1095.58,12093.87,11.038783110316,1095.58,8151.11,7.4399952536556,1095.58,0,0,18.4787783639716,20244.98
"FB230037899",1953.8,18639.25,9.53999897635377,1953.8,11472.16,5.87171665472413,1953.8,0,0,15.4117156310779,30111.41
"FB230038654",755.178,9092.34,12.0399958685237,755.178,7204.4,9.5400024894793,755.178,0,0,21.579998358003,16296.74
"FB230040067",620,6032.6,9.73,620,3906,6.3,620,0,0,16.03,9938.6
"FB230040804",1592.64,18000.56,11.3023407675306,1592.64,11849.25,7.4400052742616,1592.64,0,0,18.7423460417922,29849.81
"FB230040814",564.17,6183.79,10.9608628604853,564.17,4231.28,7.50000886257688,564.17,0,0,18.4608717230622,10415.07
"FB230040826",1018.35,11440.02,11.2338783325968,1018.35,7637.63,7.50000490990328,1018.35,0,0,18.7338832425001,19077.65
"FB230041385",1974.6,10751.87,5.44508761268105,1974.6,7977.55,4.04008406765927,1974.6,0,0,9.48517168034032,18729.42
"FB230041564",560.73,7526.95,13.423483673069,560.73,4476.61,7.98353931482175,560.73,0,0,21.4070229878908,12003.56
"FB230041758",716.95,8632.08,12.0400027895948,716.95,5628.06,7.85000348699351,716.95,0,0,19.8900062765883,14260.14
"FB230041762",600.45,6870.88,11.4428845032892,600.45,4236.87,7.05615788158881,600.45,0,0,18.499042384878,11107.75
"FB230043072",3640.9,36458.59,10.0136202587272,3640.9,20659.37,5.67424812546348,3640.9,0,0,15.6878683841907,57117.96
"FB230043591",1543.9,19344.96,12.5299306949932,1543.9,11691.74,7.57286093658916,1543.9,0,0,20.1027916315824,31036.7
"FB230043592",784.49,10086.51,12.8574105469796,784.49,6074.47,7.74320896378539,784.49,0,0,20.600619510765,16160.98
"FB230043612",257.99,3276.47,12.6999883716423,257.99,2118.1,8.21000813985038,257.99,0,0,20.9099965114927,5394.57
"FB230043617",1102.06,14223.25,12.9060577464022,1102.06,8503.53,7.71603179500209,1102.06,0,0,20.6220895414043,22726.78
"FB230043624",12.08,184.82,15.2996688741722,12.08,92.41,7.64983443708609,12.08,0,0,22.9495033112583,277.23
"FB230043629",112.67,1394.85,12.3799591728055,112.67,902.49,8.01002928907429,112.67,0,0,20.3899884618798,2297.34
"FB230043635",149.56,1800.7,12.0399839529286,149.56,1174.05,7.85002674511902,149.56,0,0,19.8900106980476,2974.75
"FB230043638",27.45,419.99,15.3001821493625,27.45,209.99,7.64990892531876,27.45,0,0,22.9500910746812,629.98
"FB230043642",643.29,8151.55,12.6716566400846,643.29,4819.97,7.49268603584697,643.29,0,0,20.1643426759315,12971.52
"FB230043653",259.54,3296.16,12.7000077059413,259.54,2130.82,8.20998689989982,259.54,0,0,20.9099946058411,5426.98
"FB230043788",140.09,2143.38,15.3000214148048,140.09,1071.69,7.65001070740238,140.09,0,0,22.9500321222072,3215.07
"FB230045111",164.058,2093.38,12.7599995123676,164.058,1435.51,8.75001523851321,164.058,328.12,2.00002438162113,23.5100391325019,3857.01
"FB230045481",171.73,2268.31,13.2085832411343,171.73,1296.04,7.54696325627439,171.73,0,0,20.7555464974087,3564.35
"FB230045486",1422.33,18416.5,12.9481203377557,1422.33,10941.3,7.6925186138238,1422.33,0,0,20.6406389515794,29357.8
"FB230046328",143,1947.66,13.62,143,1431.43,10.01,143,0,0,23.63,3379.09
"FB230046336",340.28,5818.79,17.1000058775126,340.28,2518.07,7.39999412248736,340.28,0,0,24.5,8336.86
"FB230048594",516.3,5994.24,11.6099941894248,516.3,3252.69,6.3,516.3,0,0,17.9099941894248,9246.93
"FB230049604",455,4904.9,10.78,455,2852.85,6.27,455,0,0,17.05,7757.75
"FB230050020",39.18,599.45,15.2998979070955,39.18,299.73,7.65007656967841,39.18,0,0,22.9499744767739,899.18
"FB230050459",1515.9,19548.55,12.8956725377663,1515.9,10208.57,6.73432944125602,1515.9,0,0,19.6300019790224,29757.12
"FB230050466",1681.42,21588.47,12.8394273887547,1681.42,11417.8,6.79056987546241,1681.42,0,0,19.6299972642172,33006.27
"FB230052410",16.41,251.07,15.2998171846435,16.41,125.54,7.65021328458257,16.41,0,0,22.9500304692261,376.61
"FB230052536",2079.4,23892.31,11.4900019236318,2109.6,14387.47,6.81999905195298,2109.6,0,0,18.3100009755848,38279.78
"FB230052662",597.727,8511.63,14.2399958509487,597.727,6138.66,10.2700062068469,597.727,0,0,24.5100020577956,14650.29
"FB230052666",566.673,7650.09,13.5000079410877,566.676,5406.09,9.54000169408974,566.676,0,0,23.0400096351775,13056.18
"FB230052667",600,8442,14.07,380,2907,7.65,380,0,0,21.72,11349
"FB230052942",860,9270.8,10.78,860,5392.2,6.27,860,0,0,17.05,14663
"FB230053301",2707,25877.01,9.55929442186923,2707,15184.18,5.60922792759512,2707,0,0,15.1685223494644,41061.19
"FB230054231",396.196,4651.34,11.7399973750366,396.196,3961.96,10,396.196,0,0,21.7399973750366,8613.3
"FB230054475",817.119,9767.87,11.9540360706335,817.119,9767.87,11.9540360706335,817.119,0,0,23.9080721412671,19535.74
"FB230054599",2000,29250,14.625,2000,56000,28,2000,6100,3.05,45.675,91350
"FB230054915",118,1248.44,10.58,118,660.8,5.6,118,0,0,16.18,1909.24
"FB230055143",388.085,4657.02,12,388,4787.92,12.34,388,0,0,24.34,9444.94
"FB230055858",154.35,2083.73,13.5000323939099,154.35,2083.73,13.5000323939099,154.35,0,0,27.0000647878199,4167.46
"FB230056136",287.1,2960.26,10.3109021246952,287.1,2408.97,8.39070010449321,287.1,0,0,18.7016022291884,5369.23
"FB230056137",225.4,2484.59,11.0230257320319,225.4,1994.58,8.84906832298137,225.4,2877.5,12.7661934338953,32.6382874889086,7356.67
"FB230056454",382,3820,10,382,2483,6.5,382,0,0,16.5,6303
"FB230056485",454,6265.2,13.8,454,3087.2,6.8,454,0,0,20.6,9352.4
"FB230056803",426.95,5371.03,12.5799976578054,426.95,3897.39,9.12844595385876,426.95,805,1.8854666822813,23.5939102939454,10073.42
"FB230057027",60.336,965.38,16.0000662954124,60.336,965.38,16.0000662954124,60.336,0,0,32.0001325908247,1930.76
"FB230057028",903.38,10425.01,11.5400053133786,1487,17918.35,12.05,1487,1310,0.880968392737055,24.4709737061157,29653.36
"FB230057046",1067.8,12450.55,11.6600018730099,1067.8,8542.4,8,1067.8,0,0,19.6600018730099,20992.95
"FB230057066",100,1424,14.24,92.8,580,6.25,92.8,0,0,20.49,2004
"FB230057067",88.4,1170.42,13.2400452488688,88.4,799.14,9.04004524886878,88.4,0,0,22.2800904977376,1969.56
"FB230057651",891.52,9339.31,10.4757156317301,891.52,6499.18,7.28999910265614,891.52,0,0,17.7657147343862,15838.49
"FB230058145",274.5,3266.55,11.9,316.7,2524.88,7.97246605620461,316.7,687.5,2.17082412377644,22.0432901799811,6478.93
"FB230058471",195,1969.5,10.1,195,1093.95,5.61,195,0,0,15.71,3063.45
"FB230058480",2954,28360.92,9.60085308056872,2954,17436.72,5.90274881516588,2954,0,0,15.5036018957346,45797.64
"FB230058958",65.29,998.94,15.3000459488436,65.29,499.47,7.65002297442181,65.29,0,0,22.9500689232654,1498.41
"FB230058961",58.63,897.04,15.3000170561146,58.63,448.52,7.65000852805731,58.63,0,0,22.9500255841719,1345.56
"FB230059066",870.2,10285.76,11.8199954033556,870.2,6091.4,7,870.2,0,0,18.8199954033555,16377.16
"FB230059587",565,7243.3,12.82,775,6002.5,7.74516129032258,775,910,1.1741935483871,21.7393548387097,14155.8
"FB230060046",275.4,3199.75,11.6185548293391,275.3,2762.09,10.0330185252452,275.3,1712.5,6.22048674173629,27.8720600963206,7674.34
"FB230060770",137.7,1781.84,12.9400145243282,137.7,1229.66,8.92999273783588,137.7,150,1.08932461873638,22.9593318809005,3161.5
"FB230061085",1073.512,9052.12,8.4322485449627,1073.512,6612.84,6.1600056636535,1073.512,0,0,14.5922542086162,15664.96
"FB230061132",3125.638,31084.59,9.94503842095598,3125.638,18753.83,6.00000063986936,3125.638,0,0,15.9450390608253,49838.42
"FB230061302",61.36,807.5,13.1600391134289,61.36,605.01,9.86000651890482,61.36,0,0,23.0200456323338,1412.51
"FB230061921",1345.58,7841.23,5.82739785074094,2018.37,5678.63,2.81347324821514,2018.37,0,0,8.64087109895609,13519.86
"FB230062113",166,2128.12,12.82,355,3359.79,9.46419718309859,355,60,0.169014084507042,22.4532112676056,5547.91
"FB230062161",1490.65,20952.98,14.0562707543689,1632.83,12672.99,7.76136523704244,1632.83,632.5,0.387364269397304,22.2050002608086,34258.47
"FB230062234",2409,22981.86,9.54,2409,13514.49,5.61,2409,0,0,15.15,36496.35
"FB230062369",293.146,3921.99,13.3789647479413,143.146,1606.1,11.2200131334442,143.146,0,0,24.5989778813855,5528.09
"FB230062371",107.347,1570.49,14.6300315798299,107.347,983.3,9.16001378706438,107.347,0,0,23.7900453668943,2553.79
"FB230062373",168.027,2352.38,14.0000119028489,168.027,1885.26,11.219982502812,168.027,0,0,25.219994405661,4237.64
"FB230062375",196.109,2745.53,14.0000203968201,196.109,2200.34,11.219984804369,196.109,0,0,25.2200052011891,4945.87
"FB230062678",23.26,355.88,15.3000859845228,23.26,177.94,7.65004299226139,23.26,0,0,22.9501289767842,533.82
"FB230063182",1475.28,17142.74,11.619990781411,1345.28,9793.79,7.28011269029496,1345.28,1720,1.27854424357755,20.1786477152835,28656.53
"FB230063271",858.09,10102.62,11.7733804146418,843.56,5674.86,6.72727488264024,843.56,990,1.1735976101285,19.6742529074106,16767.48
"FB230063301",312.29,3931.73,12.589996477633,418.23,2429.37,5.80869378093394,418.23,0,0,18.3986902585669,6361.1
"FB230063590",3.95,60.44,15.3012658227848,3.95,30.22,7.6506329113924,3.95,0,0,22.9518987341772,90.66
"FB230063596",587.05,6915.99,11.7809215569372,587.05,4177.85,7.11668512051784,587.05,0,0,18.8976066774551,11093.84
"FB230063626",1374,13186.36,9.5970596797671,1374,7786.54,5.6670596797671,1374,0,0,15.2641193595342,20972.9
"FB230063816",37.29,448.97,12.0399570930544,37.29,292.73,7.85009385894342,37.29,0,0,19.8900509519979,741.7
"FB230063988",938.18,9918.48,10.5720437442708,1652.44,6965.04,4.21500326789475,1652.44,0,0,14.7870470121656,16883.52
"FB230063990",110.2,1194.57,10.8400181488203,110.2,803.36,7.29001814882033,110.2,0,0,18.1300362976407,1997.93
"FB230064725",150.89,1741.85,11.5438398833587,150.89,1397.93,9.26456358936974,150.89,0,0,20.8084034727285,3139.78
"FB230064732",219.79,2195.07,9.98712407297875,219.76,1725.92,7.85365853658536,219.76,0,0,17.8407826095641,3920.99
"FB230064897",675,6750,10,675,4050,6,675,2700,4,20,13500
"FB230065996",592.8,7404.07,12.4899966261808,592.8,4112.03,6.93662280701754,592.8,0,0,19.4266194331984,11516.1
"FB230066128",399.2,4306.28,10.7872745490982,118.2,937.61,7.9324027072758,118.2,0,0,18.719677256374,5243.89
"FB230066946",685.009,8220.11,12.0000029196697,684.916,7301.21,10.6600079425798,684.916,0,0,22.6600108622495,15521.32
"FB230067430",55.84,2512.8,45,81.78,531.57,6.5,81.78,0,0,51.5,3044.37
"FB230067539",557.85,5939.46,10.6470556601237,557.85,3679.88,6.59654028860805,557.85,0,0,17.2435959487317,9619.34
"FB230067549",69.58,1064.57,15.2999425122162,69.58,532.29,7.65004311583788,69.58,0,0,22.949985628054,1596.86
"FB230067565",243.37,3131.47,12.8671159140404,243.37,1920.01,7.88926326170029,243.37,0,0,20.7563791757406,5051.48
"FB230067864",65,825.5,12.7,130,591.5,4.55,130,0,0,17.25,1417
"FB230067869",542.41,6974.58,12.8585018712782,542.41,4199.66,7.74259324127505,542.41,0,0,20.6010951125532,11174.24
"FB230068664",238,2513.28,10.56,238,2208.64,9.28,238,0,0,19.84,4721.92
"FB230068674",2580.3,25501.42,9.88312211758322,2580.3,15360.84,5.95312173003139,2580.3,0,0,15.8362438476146,40862.26
"FB230068713",474.1,5702.56,12.0281797089222,476.7,3924.03,8.23165512901196,476.7,2877.5,6.03629116844976,26.2961260063839,12504.09
"FB230068757",549.9,7118.25,12.9446262956901,575.4,5253.79,9.13067431352103,575.4,5797.5,10.0755995828989,32.15090019211,18169.54
"FB230069124",658.42,7014.06,10.6528659518241,658.42,4898.64,7.43999270982048,658.42,0,0,18.0928586616445,11912.7
"FB230069125",289.58,3064.63,10.583016782927,289.58,2154.48,7.44001657573037,289.58,0,0,18.0230333586574,5219.11
"FB230069126",657.44,7177.66,10.9175894378194,657.44,4438.79,6.75162752494524,657.44,0,0,17.6692169627647,11616.45
"FB230069285",340,4821.2,14.18,340,3308.2,9.73,340,0,0,23.91,8129.4
"FB230069605",547.7,5850.57,10.6820704765383,547.7,3072.6,5.61000547745116,547.7,0,0,16.2920759539894,8923.17
"FB230070378",7677,70097,9.13078025270288,7677,47857,6.23381529243194,7677,0,0,15.3645955451348,117954
"FB230070884",24.26,371.18,15.3000824402308,24.26,185.59,7.65004122011542,24.26,0,0,22.9501236603463,556.77
"FB230071269",144.808,2118.54,14.6299928180763,144.808,1658.05,11.4499889508867,144.808,0,0,26.079981768963,3776.59
"FB230071361",1100.208,14904.84,13.547292875529,1100.208,10528.97,9.56998131262452,1100.208,1100.21,1.00000181783808,24.1172760059916,26534.02
"FB230071365",1041.92,12652.88,12.1438114250614,1041.92,7405.85,7.10788736179361,1041.92,0,0,19.251698786855,20058.73
"FB230071608",208.25,2680.95,12.8737094837935,208.25,1610.62,7.73406962785114,208.25,0,0,20.6077791116447,4291.57
"FB230071688",298.3,3747.53,12.5629567549447,301.5,2380.83,7.89661691542288,301.5,0,0,20.4595736703676,6128.36
"FB230071689",185.5,1725.15,9.3,192,1530.24,7.97,192,0,0,17.27,3255.39
"FB230071774",249.01,2560.97,10.2846070438938,498.02,1787.71,3.5896349544195,498.02,0,0,13.8742419983133,4348.68
"FB230071775",735.21,8257.31,11.2312264523061,735.21,5514.08,7.50000680077801,735.21,0,0,18.7312332530841,13771.39
"FB230071785",680.7,8330.29,12.2378287057441,680.7,4705.11,6.91216394887616,680.7,0,0,19.1499926546202,13035.4
"FB230071788",223.94,1295.45,5.78480843082969,223.94,945.02,4.21996963472359,223.94,0,0,10.0047780655533,2240.47
"FB230071820",216,2328.48,10.78,216,1354.32,6.27,216,0,0,17.05,3682.8
"FB230071891",427.59,4661.82,10.9025468322458,427.59,3176.99,7.42999134685096,427.59,0,0,18.3325381790968,7838.81
"FB230072351",499.29,6475.87,12.9701576238258,499.29,3834.65,7.68020589236716,499.29,0,0,20.650363516193,10310.52
"FB230072364",378.5,4806.95,12.7,378.5,3107.49,8.21001321003963,378.5,0,0,20.9100132100396,7914.44
"FB230072366",336.97,4337.23,12.8712645042585,336.97,2606.62,7.73546606522836,336.97,0,0,20.6067305694869,6943.85
"FB230072373",330.67,4093.69,12.3799860888499,330.67,2648.67,8.01000997973811,330.67,0,0,20.389996068588,6742.36
"FB230072377",446.29,5525.07,12.3799995518609,446.29,3574.78,8.00999350198301,446.29,0,0,20.3899930538439,9099.85
"FB230072908",1997,19812.31,9.92103655483225,1997,11475.51,5.74637456184276,1997,0,0,15.667411116675,31287.82
"FB230074175",278,3356.88,12.0751079136691,278,3336,12,278,0,0,24.0751079136691,6692.88
"FB230074356",265,2528.1,9.54,265,1486.65,5.61,265,0,0,15.15,4014.75
"FB230075437",613.1,7295.89,11.9,312,1956.24,6.27,312,2637.5,8.45352564102564,26.6235256410256,11889.63
"FB230075443",362.14,4225.87,11.6691610979179,390.14,2821.32,7.23155790229148,390.14,0,0,18.9007190002094,7047.19
"FB230075682",1246.298,30913.73,24.8044448438495,NA,NA,NA,NA,0,0,NA,NA
"FB230075859",818,7987.4,9.76454767726161,818,4772.66,5.83454767726161,818,0,0,15.5990953545232,12760.06
"FB230076279",319.63,3237.85,10.1299940556268,319.63,2378.05,7.4400087601289,319.63,0,0,17.5700028157557,5615.9
"FB230077318",550,5247,9.54,550,3085.5,5.61,550,0,0,15.15,8332.5
"FB240000837",1555.98,20443.57,13.1387100091261,1555.98,10722.72,6.89129680330081,1555.98,0,0,20.0300068124269,31166.29
"FB240000843",751.63,9961.69,13.2534491704695,233.55,1898.76,8.12999357739242,233.55,0,0,21.3834427478619,11860.45
"FB240001057",114.166,1552.66,13.6000210220206,114.166,1045.76,9.15999509486187,114.166,0,0,22.7600161168824,2598.42
"FB240001059",474,6446.4,13.6,474,4341.84,9.16,474,0,0,22.76,10788.24
"FB240001061",496.68,6764.78,13.61999677861,500,5040,10.08,500,0,0,23.69999677861,11804.78
"FB240001224",1879.317,27463.73,14.6136761387249,854.26,6535.09,7.6500011706038,854.26,20762.84,24.3050593496125,46.5687366589412,54761.66
"FB240001225",1455,16447.2,11.3039175257732,NA,NA,NA,NA,0,0,NA,NA
"FB240001226",1352.849,17193.4,12.7090310892051,793.862,6073.04,7.64999458344145,793.862,6330,7.97367804479872,28.3327037174452,29596.44
"FB240003619",39.33,613.55,15.6000508517671,39.33,306.77,7.7998982964658,39.33,0,0,23.3999491482329,920.32
"FB240004149",485,6659.05,13.73,485,2774.2,5.72,485,0,0,19.45,9433.25
"FB240004275",1274.14,13415.75,10.5292589511357,1772.88,9978.35,5.62832791841523,1772.88,0,0,16.1575868695509,23394.1
"FB240004557",671.139,11677.82,17.400002086006,671.139,4697.97,6.99999552998708,671.139,0,0,24.3999976159931,16375.79
"FB240004589",270.32,2630.21,9.72998668245043,270.32,2011.18,7.43999704054454,270.32,0,0,17.169983722995,4641.39
"FB240004593",987.51,10868.61,11.0060758878391,987.51,7406.33,7.50000506323987,987.51,0,0,18.506080951079,18274.94
"FB240004597",592.07,6259.12,10.5715878190079,592.07,4405,7.43999864880842,592.07,0,0,18.0115864678163,10664.12
"FB240004598",955.57,10403.1,10.8868005483638,955.57,6471.57,6.77247088125412,955.57,0,0,17.6592714296179,16874.67
"FB240004684",571.77,7534.83,13.1780785980377,571.77,4643.87,8.12191965300733,571.77,0,0,21.299998251045,12178.7
"FB240004691",747.92,9603.56,12.8403572574607,747.92,5798.43,7.75274093485934,747.92,0,0,20.59309819232,15401.99
"FB240004693",363.41,4750.8,13.0728378415564,363.41,2938.96,8.08717426598057,363.41,0,0,21.1600121075369,7689.76
"FB240004697",619.79,8141.75,13.1363042320786,619.79,5059.78,8.16370060827054,619.79,0,0,21.3000048403492,13201.53
"FB240005957",504.7,5884.8,11.6599960372499,504.7,3255.32,6.45000990687537,504.7,1760,3.48722013077075,21.597226074896,10900.12
"FB240008804",180,1828.77,10.1598333333333,180,1313.96,7.29977777777778,180,0,0,17.4596111111111,3142.73
"FB240008843",785.52,3010.09,3.83197117832773,785.52,2340.85,2.98000050921682,785.52,0,0,6.81197168754456,5350.94
"FB240008877",959.36,9334.57,9.72999708138759,959.36,7137.64,7.44000166777852,959.36,0,0,17.1699987491661,16472.21
"FB240008951",1669,24434.16,14.64,1669,11983.42,7.18,1669,0,0,21.82,36417.58
"FB240009219",250.07,3280.08,13.1166473387452,250.07,2011.41,8.04338785140161,250.07,0,0,21.1600351901468,5291.49
"FB240009289",1752.94,13367.54,7.62578297032414,876.47,5024.02,5.73210720275651,876.47,438,0.499731879014684,13.8576220520953,18829.56
"FB240009822",561.67,6627.71,11.8000071216195,561.67,4212.53,7.50000890202432,561.67,0,0,19.3000160236438,10840.24
"FB240010037",502.91,6577.89,13.0796563997534,502.91,4020.7,7.99486985742976,502.91,0,0,21.0745262571832,10598.59
"FB240010052",746.27,10185.58,13.6486526324253,746.27,6388.87,8.5610703900733,746.27,0,0,22.2097230224986,16574.45
"FB240010630",1322.34,16688.27,12.6202565149659,1319.9,19864.5,15.0500037881658,1319.9,0,0,27.6702603031317,36552.77
"FB240011200",118.091,1362.77,11.5399988144736,NA,NA,NA,NA,0,0,NA,NA
"FB240011249",88.45,884.5,10,88.45,619.15,7,88.45,0,0,17,1503.65
"FB240012268",452.82,4754.61,10.5,452.82,3396.15,7.5,452.82,0,0,18,8150.76
"FB240012302",2112.6,11334.1,5.36500047335037,1056.3,7256.78,6.86999905329925,1056.3,0,0,12.2349995266496,18590.88
"FB240012303",381.05,3775.16,9.90725626558194,381.05,2685.36,7.04726413856449,381.05,0,0,16.9545204041464,6460.52
"FB240012306",206.8,2025.63,9.79511605415861,206.8,1434.18,6.93510638297872,206.8,0,0,16.7302224371373,3459.81
"FB240012307",282.46,1562.82,5.53288961268852,282.46,1129.85,4.00003540324294,282.46,0,0,9.53292501593146,2692.67
"FB240012309",1607.39,15816.95,9.84014458221092,3214.78,12827.21,3.99007397084715,3214.78,0,0,13.8302185530581,28644.16
"FB240012311",718.48,6990.81,9.72999944326912,718.48,5345.49,7.43999832980737,718.48,0,0,17.1699977730765,12336.3
"FB240012313",81.51,856.76,10.5111029321556,81.51,606.44,7.4400687032266,81.51,0,0,17.9511716353822,1463.2
"FB240012323",1088.34,11533,10.5968723009354,1088.34,7772.93,7.14200525571053,1088.34,0,0,17.7388775566459,19305.93
"FB240012626",1741.89,16948.59,9.73000017222672,1741.89,12959.66,7.4399990814575,1741.89,0,0,17.1699992536842,29908.25
"FB240013230",12.79,199.52,15.5996872556685,12.79,99.76,7.79984362783425,12.79,0,0,23.3995308835027,299.28
"FB240015580",235,3290,14,235,1473.45,6.27,235,0,0,20.27,4763.45
"FB240015581",827,10961,13.2539298669891,827,6567.28,7.94108827085852,827,2225,2.69044740024184,23.8854655380895,19753.28
"FB240016902",856.63,10017.35,11.6939051866033,856.63,6364.76,7.42999894937137,856.63,0,0,19.1239041359747,16382.11
"FB240017174",60.21,745.4,12.3800033217074,60.21,482.28,8.00996512207274,60.21,0,0,20.3899684437801,1227.68
"FB240017190",706.07,9357.03,13.2522696049967,706.07,5575.87,7.89704986757687,706.07,0,0,21.1493194725735,14932.9
"FB240017333",1049.68,9614.27,9.15923900617331,610.47,4543.73,7.44300293216702,610.47,0,0,16.6022419383403,14158
"FB240018118",4180.503,60519.63,14.4766383375398,2000.206,15193.61,7.5960226096712,2000.206,1923.62,0.961710943772791,23.0343718909838,77636.86
"FB240018119",10061,92482.2,9.19214789782328,10271,59659.12,5.8085016064648,10271,3431.38,0.334084315061825,15.3347338193499,155572.7
"FB240019115",143.3,1791.25,12.5,143.3,1074.75,7.5,143.3,0,0,20,2866
"FB240021688",281,2925.21,10.41,NA,NA,NA,NA,0,0,NA,NA
"FB240021702",751.3,7513,10,751.3,4883.45,6.5,751.3,0,0,16.5,12396.45
"FB240021703",209.1,2300.1,11,209.1,1568.25,7.5,209.1,0,0,18.5,3868.35
"FB240021755",1445.6,14889.68,10.3,1445.6,8672.86,5.99948810182623,1445.6,0,0,16.2994881018262,23562.54
"FB240021770",32,414.08,12.94,32,285.76,8.93,32,0,0,21.87,699.84
"FB240021771",32.3,414.09,12.8201238390093,NA,NA,NA,NA,0,0,NA,NA
"FB240021971",285.357,3833,13.4322970875079,273.357,2460.21,8.99998902534049,273.357,820.07,2.99999634178016,25.4322824546286,7113.28
"FB240022836",239,3226.5,13.5,239,2629,11,239,0,0,24.5,5855.5
"FB240022847",72.4,951.34,13.1400552486188,72.4,951.34,13.1400552486188,72.4,0,0,26.2801104972376,1902.68
"FB240022854",182,2457,13.5,182,2184,12,182,0,0,25.5,4641
"FB240022875",708.64,9084.76,12.819993226462,508.64,3418.06,6.71999842717836,508.64,240,0.471846492607738,20.0118381462481,12742.82
"FB240023506",500,4500,9,500,3000,6,500,0,0,15,7500
"FB240023525",938,9637.6,10.2746268656716,938,5909.4,6.3,938,0,0,16.5746268656716,15547
"FB240024008",600.43,7649.24,12.7396032843129,600.43,4948.51,8.24161017937145,600.43,0,0,20.9812134636844,12597.75
"FB240024194",545.5,7058.77,12.94,545.5,5416.82,9.93000916590284,545.5,3637.5,6.66819431714024,29.5382034830431,16113.09
"FB240024195",724,8557.68,11.82,NA,NA,NA,NA,0,0,NA,NA
"FB240024198",445.5,4544.1,10.2,445.5,3029.4,6.8,445.5,0,0,17,7573.5
"FB240024199",626.5,6390.3,10.2,626.5,3946.95,6.3,626.5,0,0,16.5,10337.25
"FB240024218",996,9642,9.68072289156627,996,5976,6,996,0,0,15.6807228915663,15618
"FB240024241",480,8520,17.75,69,483,7,69,0,0,24.75,9003
"FB240024265",262.1,2550.23,9.72998855398703,262.1,1499.21,5.71999236932469,262.1,0,0,15.4499809233117,4049.44
"FB240024269",218.4,3157.6,14.4578754578755,118.4,1175.71,9.92998310810811,118.4,201.25,1.69974662162162,26.0876051876052,4534.56
"FB240024529",707.94,3988.46,5.63389552786959,707.94,2810.53,3.97001158290251,707.94,0,0,9.6039071107721,6798.99
"FB240024531",717.07,7191.4,10.0288674745841,717.07,5140.58,7.16886775349687,717.07,0,0,17.1977352280809,12331.98
"FB240024557",261.95,3242.94,12.3799961824776,261.95,2622.12,10.0100019087612,261.95,0,0,22.3899980912388,5865.06
"FB240024560",529.426,7861.98,14.8500073664686,529.426,5924.28,11.1900057798446,529.426,0,0,26.0400131463132,13786.26
"FB240024561",994.222,14152.66,14.2349093059699,994.222,7605.8,7.65000170987969,994.222,0,0,21.8849110158496,21758.46
"FB240024580",370,3600.1,9.73,370,2116.4,5.72,370,0,0,15.45,5716.5
"FB240024581",704.8,9360.43,13.2809733257662,704.8,5639.87,8.00208569807037,704.8,2357.5,3.34492054483541,24.627979568672,17357.8
"FB240024591",1156,11247.88,9.73,1156,6612.32,5.72,1156,0,0,15.45,17860.2
"FB240024595",327,3368.1,10.3,327,1870.44,5.72,327,0,0,16.02,5238.54
"FB240024596",218,2121.14,9.73,218,1246.96,5.72,218,0,0,15.45,3368.1
"FB240024677",1653,16083.69,9.73,1653,9455.16,5.72,1653,0,0,15.45,25538.85
"FB240024682",500,3125,6.25,100.18,905.63,9.04002794969056,100.18,0,0,15.2900279496906,4030.63
"FB240024683",500,7120,14.24,NA,NA,NA,NA,0,0,NA,NA
"FB240024706",368,5152,14,368,2576,7,368,0,0,21,7728
"FB240024730",718,6986.14,9.73,718,4106.96,5.72,718,0,0,15.45,11093.1
"FB240024752",495,5270.35,10.6471717171717,495,2831.4,5.72,495,0,0,16.3671717171717,8101.75
"FB240024762",434,4222.82,9.73,434,2734.2,6.3,434,0,0,16.03,6957.02
"FB240024763",800,7624,9.53,800,4480,5.6,800,0,0,15.13,12104
"FB240025058",1355,14881.62,10.9827453874539,1355,7716.82,5.69507011070111,1355,0,0,16.677815498155,22598.44
"FB240025119",600.22,6350.33,10.5800039985339,600.22,4189.54,6.98000733064543,600.22,0,0,17.5600113291793,10539.87
"FB240026459",1815.58,87147.84,48,NA,NA,NA,NA,0,0,NA,NA
"FB240026620",1101.75,10720.03,9.73000226911731,2203.5,9298.77,4.22,2203.5,0,0,13.9500022691173,20018.8
"FB240026621",138.96,1352.08,9.72999424294761,138.96,1033.86,7.43998272884283,138.96,0,0,17.1699769717904,2385.94
"FB240026794",1440.363,17413.86,12.0899106683524,555,4995,9,555,2500,4.5045045045045,25.5944151728569,24908.86
"FB240026800",1240.64,12745.63,10.273431454733,1240.64,7674.52,6.18593629094661,1240.64,0,0,16.4593677456797,20420.15
"FB240026830",2314.5,13540.86,5.85044718081659,2314.5,9258.01,4.0000043205876,2314.5,0,0,9.85045150140419,22798.87
"FB240026842",594.26,6605.26,11.1151011341837,594.26,4456.95,7.5,594.26,0,0,18.6151011341837,11062.21
"FB240027639",676.6,8032.38,11.8716819391073,676.6,5069.5,7.49261010937038,676.6,0,0,19.3642920484777,13101.88
"FB240029105",1043.9,10903.26,10.444736085832,1043.9,6350.22,6.08316888590861,1043.9,0,0,16.5279049717406,17253.48
"FB240030004",585.76,6916.89,11.8084027588091,585.76,4175.75,7.12877287626332,585.76,0,0,18.9371756350724,11092.64
"FB240030014",1171.8,18045.72,15.4,1171.8,10077.48,8.6,1171.8,0,0,24,28123.2
"FB240031614",800.9,8249.27,10.3,800.9,4581.15,5.72000249719066,800.9,0,0,16.0200024971907,12830.42
"FB240034941",296.5,3053.95,10.3,296.5,1695.98,5.72,296.5,0,0,16.02,4749.93
"FB240035540",469.71,6210.99,13.2230312320368,469.71,3793.83,8.07696238104362,469.71,0,0,21.2999936130804,10004.82
"FB240035546",681.9,6478.05,9.5,681.9,3818.64,5.6,681.9,0,0,15.1,10296.69
"FB240035558",177.3,1748.05,9.85927805978567,177.3,1080.38,6.09351381838692,177.3,0,0,15.9527918781726,2828.43
"FB240035721",84,1196.16,14.24,84,759.36,9.04,84,420,5,28.28,2375.52
"FB240035722",151.7,2160.21,14.2400131839156,151.7,1061.9,7,151.7,0,0,21.2400131839156,3222.11
"FB240036025",433.84,5646.08,13.0141987829615,433.84,3435.92,7.91978609625668,433.84,0,0,20.9339848792181,9082
"FB240036028",758.79,9944.83,13.1061690322751,758.79,6217.4,8.193834921388,758.79,0,0,21.3000039536631,16162.23
"FB240036030",1054.94,13838.37,13.1176844180712,1054.94,8484.16,8.04231520276035,1054.94,0,0,21.1599996208315,22322.53
"FB240036034",219.34,3377.83,15.3999726452084,219.34,1886.33,8.60002735479165,219.34,0,0,24,5264.16
"FB240036036",442.42,5780.22,13.0650061027982,442.42,3540.76,8.00316441390534,442.42,0,0,21.0681705167036,9320.98
"FB240036037",691.63,9872.8,14.2746844411029,691.63,5882.14,8.504749649379,691.63,0,0,22.7794340904819,15754.94
"FB240036111",579.27,6962.61,12.0196281526749,579.27,4427.48,7.64320610423464,579.27,0,0,19.6628342569096,11390.09
"FB240036116",450,2475,5.5,NA,NA,NA,NA,0,0,NA,NA
"FB240036287",363.7,4909.95,13.5,363.7,2545.9,7,363.7,0,0,20.5,7455.85
"FB240037590",198,2336,11.7979797979798,200.6,1915.28,9.54775672981057,200.6,0,0,21.3457365277904,4251.28
"FB240038368",1565.96,8715.42,5.56554445835143,782.98,5655.66,7.22324963600603,782.98,0,0,12.7887940943575,14371.08
"FB240038424",166.36,1618.68,9.72998316903102,166.36,1237.72,7.44000961769656,166.36,0,0,17.1699927867276,2856.4
"FB240038603",19.93,246.73,12.3798294029102,19.93,159.64,8.01003512293025,19.93,0,0,20.3898645258404,406.37
"FB240038831",2765,30691.5,11.1,2765,14516.25,5.25,2765,0,0,16.35,45207.75
"FB240038915",557.77,5729.65,10.2724241174678,557.77,3450.67,6.18654642594618,557.77,0,0,16.458970543414,9180.32
"FB240039146",176.58,2594.04,14.6904519198097,207.669,2078.76,10.0099677852737,207.669,0,0,24.7004197050834,4672.8
"FB240039185",64.353,876.49,13.620033254083,64.353,720.11,11.1899989122496,64.353,0,0,24.8100321663326,1596.6
"FB240039695",759.83,7772.3,10.2289985917903,759.83,4652.14,6.12260637247805,759.83,0,0,16.3516049642683,12424.44
"FB240039853",475.67,4902.94,10.3074400319549,475.67,2932.76,6.16553492967814,475.67,0,0,16.4729749616331,7835.7
"FB240039989",277.8,3333.6,12,277.8,2437.05,8.77267818574514,277.8,1425,5.12958963282937,25.9022678185745,7195.65
"FB240040057",5874.41,59180.51,10.0742900138056,5874.41,30244.87,5.14858002761128,5874.41,0,0,15.2228700414169,89425.38
"FB240040202",772.691,11049.48,14.2999983175681,772.691,11049.48,14.2999983175681,772.691,1545.38,1.99999741164321,30.5999940467794,23644.34
"FB240040542",380.2,4942.6,13,380.2,2585.36,6.8,380.2,0,0,19.8,7527.96
"FB240041251",359.46,4721.82,13.1358704723752,533.55,3036.47,5.69106925311592,533.55,0,0,18.8269397254912,7758.29
"FB240041252",317.16,4146,13.0722663639803,448.35,2668.16,5.9510650161704,448.35,0,0,19.0233313801507,6814.16
"FB240041253",602.89,7877.01,13.065418235499,847.68,5069.67,5.9806412797282,847.68,0,0,19.0460595152272,12946.68
"FB240041255",304.13,4002.35,13.1599973695459,304.13,2089.37,6.86998980699043,304.13,0,0,20.0299871765363,6091.72
"FB240041257",2083.26,14485.67,6.95336635849582,2083.26,8540.6,4.09963230705721,2083.26,0,0,11.052998665553,23026.27
"FB240041319",1282.392,15659.65,12.2112817297675,1282.392,12798.58,9.98024005140394,1282.392,0,0,22.1915217811714,28458.23
"FB240041364",1293.37,12597.35,9.73994293976202,1293.37,8898.31,6.8799415480489,1293.37,0,0,16.6198844878109,21495.66
"FB240041432",980,12779.2,13.04,980,7497,7.65,980,0,0,20.69,20276.2
"FB240041436",1680,28694.4,17.08,1680,11524.8,6.86,1680,0,0,23.94,40219.2
"FB240041463",1205.2,15901.69,13.1942333222702,1205.2,9557.16,7.92993693992698,1205.2,0,0,21.1241702621971,25458.85
"FB240041464",636.6,3524.23,5.53601947847942,318.3,2295.59,7.21203267357839,318.3,0,0,12.7480521520578,5819.82
"FB240042758",930.88,9487.61,10.192087057408,930.88,5720.02,6.14474475764868,930.88,0,0,16.3368318150567,15207.63
"FB240042759",687.17,6837.34,9.94999781713404,687.17,4322.3,6.29000101867078,687.17,0,0,16.2399988358048,11159.64
"FB240043403",727.61,7382.05,10.1456137216366,727.61,5301.09,7.28562004370473,727.61,0,0,17.4312337653413,12683.14
"FB240043481",807.18,4361.18,5.40298322555068,807.18,2690.51,3.3332218340395,807.18,0,0,8.73620505959018,7051.69
"FB240044256",8.58,133.85,15.6002331002331,8.58,66.92,7.7995337995338,8.58,0,0,23.3997668997669,200.77
"FB240044730",1748.5,16610.75,9.5,1748.5,9791.6,5.6,1748.5,0,0,15.1,26402.35
"FB240044784",627.66,8175.57,13.0254755759488,627.66,5105.72,8.13453143421597,627.66,0,0,21.1600070101647,13281.29
"FB240044788",1245.96,16540.73,13.2754903849241,1245.96,9684.83,7.77298629169476,1245.96,0,0,21.0484766766188,26225.56
"FB240044791",689.46,9050.86,13.1274620717663,689.46,5634.63,8.17252632494996,689.46,0,0,21.2999883967163,14685.49
"FB240044858",126.33,1304.17,10.3235177709174,126.33,867.89,6.87002295575081,126.33,0,0,17.1935407266683,2172.06
"FB240044860",1170.11,15558.27,13.2964165762193,1170.11,9211.15,7.8720376716719,1170.11,0,0,21.1684542478912,24769.42
"FB240045743",1722,15498,9,1722,8610,5,1722,1037.84,0.602694541231127,14.6026945412311,25145.84
"FB240046335",539,7607,14.113172541744,139,1826.46,13.14,139,0,0,27.253172541744,9433.46
"FB240047436",623,6336.11,10.1703210272873,623,4541.67,7.29,623,0,0,17.4603210272873,10877.78
"FB240047851",490,3675,7.5,490,3430,7,490,312,0.636734693877551,15.1367346938776,7417
"FB240048671",3.63,56.63,15.6005509641873,3.63,28.31,7.79889807162534,3.63,0,0,23.3994490358127,84.94
"FB240048904",536.952,6980.38,13.0000074494554,536.952,4295.62,8.00000744945545,536.952,1582.09,2.94642724116867,23.9464421400796,12858.09
"FB240049171",3138.26,30064.58,9.58001567747733,4846.53,22722.67,4.68844100830904,4846.53,0,0,14.2684566857864,52787.25
"FB240049259",1684.38,16389.02,9.73000154359468,3368.76,14216.17,4.22000083116636,3368.76,0,0,13.950002374761,30605.19
"FB240049728",1196.57,16911.47,14.1332893186358,1213.57,9004.69,7.42000049440906,1213.57,0,0,21.5532898130448,25916.16
"FB240049959",169.5,2244.18,13.24,169.5,1532.28,9.04,169.5,360,2.12389380530973,24.4038938053097,4136.46
"FB240050541",88.847,1155.01,12.9999887446959,88.847,710.78,8.00004502121625,88.847,253.81,2.85670872398618,23.8567424898984,2119.6
"FB240051618",25.86,403.42,15.600154679041,25.86,201.71,7.8000773395205,25.86,0,0,23.4002320185615,605.13
"FB240052829",504.06,4948.92,9.81811689084633,504.06,3750.21,7.4400071420069,504.06,0,0,17.2581240328532,8699.13
"FB240053152",3593.846,29030.61,8.07786699819636,3593.846,18528.92,5.15573566591334,3593.846,211.6,0.0588784271780149,13.2924810912877,47771.13
"FB240053872",1990.09,19662.09,9.88000040199187,1990.09,14117.85,7.09407614730992,1990.09,0,0,16.9740765493018,33779.94
"FB240054464",1000,12879,12.879,946.332,16087.64,16.9999957731536,946.332,0,0,29.8789957731536,28966.64
"FB240054469",204,3060,15,204,2652,13,204,0,0,28,5712
"FB240054758",1170.008,11115.08,9.50000341878004,1170.44,6554.47,5.6000051262773,1170.44,0,0,15.1000085450573,17669.55
"FB240055164",582,6673,11.4656357388316,582,3933.5,6.7585910652921,582,0,0,18.2242268041237,10606.5
"FB240055165",127.877,1982.09,15.4999726299491,127.877,1406.65,11.0000234600436,127.877,0,0,26.4999960899927,3388.74
"FB240055773",178.9,2050.3,11.460592509782,180.4,1885.57,10.4521618625277,180.4,0,0,21.9127543723097,3935.87
"FB240055803",173.4,2459.61,14.1846020761246,173.4,1964.68,11.3303344867359,173.4,0,0,25.5149365628604,4424.29
"FB240056007",177.1,1416.8,8,177.1,1239.7,7,177.1,0,0,15,2656.5
"FB240056153",1214,11455.97,9.43654859967051,1214,8306.58,6.84232289950577,1214,0,0,16.2788714991763,19762.55
"FB240056270",654.318,7851.82,12.0000061132355,654.318,5005.53,7.64999587356606,654.318,0,0,19.6500019868015,12857.35
"FB240056762",752,8049.92,10.7046808510638,850,6276.6,7.38423529411765,850,780,0.917647058823529,19.006563204005,15106.52
"FB240056766",2013,16871.5,8.38127173373075,2279,14394.5,6.31614743308469,2279,0,0,14.6974191668154,31266
"FB240057175",2326.557,22986.38,9.87999864176979,2326.557,16686.08,7.17200567190058,2326.557,0,0,17.0520043136704,39672.46
"FB240057292",774.906,9565.24,12.3437423377803,NA,NA,NA,NA,0,0,NA,NA
"FB240057304",667.635,8238.61,12.339991162836,608,7654.72,12.59,608,0,0,24.929991162836,15893.33
"FB240057321",318.831,3934.38,12.34001712506,318.831,4014.08,12.5899928175115,318.831,0,0,24.9300099425715,7948.46
"FB240057331",1143.703,10251.09,8.96306995784745,1143.703,7045.21,6.15999958031062,1143.703,0,0,15.1230695381581,17296.3
"FB240057882",1469,14678.69,9.99230088495575,1469,8679.92,5.9087270251872,1469,0,0,15.901027910143,23358.61
"FB240058243",832,7885.6,9.47788461538462,836,5964.88,7.13502392344498,836,0,0,16.6129085388296,13850.48
"FB240059564",107.94,1432.49,13.2711691680563,107.94,866.63,8.02881230313137,107.94,0,0,21.2999814711877,2299.12
"FB240059602",1810.67,18299.67,10.1065738096948,1893.732,13369.29,7.05975819176103,1893.732,0,0,17.1663320014558,31668.96
"FB240059818",2198.15,26765.94,12.1765757568865,2198.15,19686.39,8.95589018037895,2198.15,875,0.398062006687442,21.5305279439529,47327.33
"FB240060969",195.857,2867.35,14.6400179722961,195.857,2195.56,11.2100154704708,195.857,0,0,25.8500334427669,5062.91
"FB240061028",961.7,9919.36,10.3144015805345,961.7,5925.39,6.16137048975772,961.7,0,0,16.4757720702922,15844.75
"FB240061429",2988.517,25008.29,8.36812706770616,3078.689,18789.76,6.10316923859474,3078.689,0,0,14.4712963063009,43798.05
"FB240061534",1264,12039.37,9.52481803797468,1254,8142.98,6.49360446570973,1254,0,0,16.0184225036844,20182.35
"FB240061673",16.044,198.14,12.3497880827724,NA,NA,NA,NA,0,0,NA,NA
"FB240061706",452.502,4352.91,9.61964808995319,1157.672,13520.12,11.6787138325882,1157.672,1500,1.29570379174758,22.5940657142889,19373.03
"FB240062284",380,3697.4,9.73,380,2394,6.3,380,0,0,16.03,6091.4
"FB240063008",27,324,12,27,270,10,27,0,0,22,594
"FB240063993",3053,27477,9,3053,18318,6,3053,0,0,15,45795
"FB240064123",1734,48552,28,NA,NA,NA,NA,0,0,NA,NA
"FB240064178",1784.318,17361.41,9.72999767978578,1784.318,11042.37,6.18856616365469,1784.318,0,0,15.9185638434405,28403.78
"FB240064524",1160.05,13981.77,12.0527304857549,1110.05,8597.15,7.74483131390478,1110.05,1682.5,1.515697491104,21.3132592907637,24261.42
"FB240064525",313,3443,11,313,2191,7,313,0,0,18,5634
"FB240064815",230.6,2779.79,12.0545967042498,230.6,2306,10,230.6,2846.25,12.3428013876843,34.3973980919341,7932.04
"FB240065224",355,4948.7,13.94,355,3525.15,9.93,355,2610,7.35211267605634,31.2221126760563,11083.85
"FB240065904",715.237,10728.56,15.0000069906898,715.237,5885.36,8.22854522347138,715.237,0,0,23.2285522141612,16613.92
"FB240066094",9.59,149.6,15.599582898853,9.59,74.8,7.79979144942649,9.59,0,0,23.3993743482795,224.4
"FB240066521",129.12,1678.56,13,204.9,1639.2,8,204.9,0,0,21,3317.76
"FB240067130",540.3,5451.63,10.0900055524709,540.3,3025.68,5.6,540.3,0,0,15.6900055524709,8477.31
"FB240067132",1202.6,12134.23,10.0899966738733,1202.6,6734.56,5.6,1202.6,0,0,15.6899966738733,18868.79
"FB240067133",1128.1,11382.53,10.0900008864462,1128.1,6960.38,6.17000265933871,1128.1,0,0,16.260003545785,18342.91
"FB240067187",146.88,2150.32,14.6399782135076,146.88,1646.52,11.2099673202614,146.88,0,0,25.8499455337691,3796.84
"FB240067193",498.559,7293.92,14.6300036705786,498.559,5588.85,11.2100072408682,498.559,0,0,25.8400109114468,12882.77
"FB240067197",259.701,3944.86,15.1900069695534,259.701,2911.25,11.2100068925418,259.701,0,0,26.4000138620953,6856.11
"FB240067198",175.957,2676.31,15.210022903323,175.957,1972.48,11.2100115369096,175.957,0,0,26.4200344402326,4648.79
"FB240067200",380.273,5567.2,14.6400086253823,380.273,4262.86,11.2099991322024,380.273,0,0,25.8500077575847,9830.06
"FB240067203",226.175,3075.98,13.6,291.58,3268.61,11.2099938267371,291.58,0,0,24.8099938267371,6344.59
"FB240067207",102.132,1551.39,15.1900481729527,102.132,1144.9,11.2100027415502,102.132,0,0,26.4000509145028,2696.29
"FB240067209",85.357,1296.57,15.1899668451328,85.357,956.85,11.2099769204635,85.357,0,0,26.3999437655963,2253.42
"FB240067515",180,2340,13,NA,NA,NA,NA,0,0,NA,NA
"FB240067747",101.115,1480.32,14.6399643969737,101.115,1133.5,11.2100084062701,101.115,0,0,25.8499728032438,2613.82
"FB240068104",659.7,8457.35,12.8199939366379,711,4763.7,6.7,711,0,0,19.5199939366379,13221.05
"FB240068470",1574.62,17045.38,10.8250752562523,747.83,747.83,1,747.83,9637.5,12.8872872176832,24.7123624739355,27430.71
"FB240068618",281.45,3343.4,11.8791970154557,175.031,1356.49,7.74999857168159,175.031,0,0,19.6291955871373,4699.89
"FB240070026",449.76,4608.5,10.2465759516186,449.76,2748.96,6.11205976520811,449.76,0,0,16.3586357168268,7357.46
"FB240070027",805.26,10198.68,12.6650771179495,805.26,6618.18,8.2186871321064,805.26,0,0,20.8837642500559,16816.86
"FB240070028",118.99,1503.19,12.632910328599,118.99,993.08,8.34591142112783,118.99,0,0,20.9788217497269,2496.27
"FB240070029",1174.54,12985.71,11.0559963900761,1174.54,8726.83,7.42999812692629,1174.54,0,0,18.4859945170024,21712.54
"FB240070030",397.66,4446.08,11.1806065483076,397.66,2954.61,7.42999044409797,397.66,0,0,18.6105969924056,7400.69
"FB240070033",553.45,5613.21,10.1422170024392,553.45,3417.37,6.1746679916885,553.45,0,0,16.3168849941277,9030.58
"FB240070034",938.2,10502.78,11.1946066936687,938.2,6970.83,7.43000426348327,938.2,0,0,18.624610957152,17473.61
"FB240070405",1447.55,22292.27,15.4,1447.55,12448.93,8.6,1447.55,0,0,24,34741.2
"FB240070440",2898,26082,9,2898,14490,5,2898,0,0,14,40572
"FB240070443",591,5840,9.88155668358714,591,3165,5.35532994923858,591,0,0,15.2368866328257,9005
"FB240070541",179.45,2268.25,12.6400111451658,179.45,1528.91,8.51997770966843,179.45,0,0,21.1599888548342,3797.16
"FB240070585",222.11,2221.1,10,444.22,1521.46,3.42501463238936,444.22,0,0,13.4250146323894,3742.56
"FB240070829",1568.7,17077.95,10.8866896156053,1601.5,8968.4,5.6,1601.5,0,0,16.4866896156053,26046.35
"FB240073200",188.48,2423.88,12.8601443123939,188.48,1679.2,8.90916808149406,188.48,0,0,21.7693123938879,4103.08
"FB240073625",628.8,7593,12.0753816793893,636.2,4453.4,7,636.2,230,0.361521534108771,19.4369032134981,12276.4
"FB240073850",208.85,2296.39,10.9954033995691,208.85,1551.76,7.43002154656452,208.85,0,0,18.4254249461336,3848.15
"FB240073854",1043.44,5465.6,5.23805872882006,NA,NA,NA,NA,0,0,NA,NA
"FB240074530",31.886,466.81,14.6399673838048,31.886,357.44,11.2099353948441,31.886,0,0,25.8499027786489,824.25
"FB240075316",1454.426,11847.26,8.14566021234494,1454.426,9497.12,6.52980626033913,1454.426,0,0,14.6754664726841,21344.38
"FB240076970",1270.8,12729.15,10.0166430594901,1270.8,7466.64,5.87554296506138,1270.8,0,0,15.8921860245515,20195.79
"FB240077919",965.1,9168.45,9.5,965.1,5404.56,5.6,965.1,0,0,15.1,14573.01
"FB240079083",649.4,4464.16,6.87428395441946,649.4,2691.15,4.14405605174007,649.4,0,0,11.0183400061595,7155.31
"FB240079097",417.52,5381.83,12.8899932937344,417.52,2809.91,6.73000095803794,417.52,0,0,19.6199942517724,8191.74
"FB240079098",378.14,4871.81,12.8836145342995,378.14,2547.3,6.73639392817475,378.14,0,0,19.6200084624742,7419.11
"FB240081953",23.116,285.48,12.349887523793,23.116,246.19,10.6501989963662,23.116,0,0,23.0000865201592,531.67
"FB240082393",13.91,145.36,10.450035945363,13.91,103.35,7.42990654205607,13.91,0,0,17.8799424874191,248.71
"FB240082396",882.38,9061.28,10.2691357465038,882.38,5381.21,6.09851764545887,882.38,0,0,16.3676533919626,14442.49
"FB240082397",602.77,6637.74,11.0120609851187,602.77,4478.58,7.42999817509166,602.77,0,0,18.4420591602104,11116.32
"FB250000551",1985,19314.05,9.73,1985,11354.2,5.72,1985,0,0,15.45,30668.25
"FB250001288",632,8216,13,632,4145.75,6.55973101265823,632,0,0,19.5597310126582,12361.75
"FB250001295",168.66,2276.91,13.5,169,1588.6,9.4,169,0,0,22.9,3865.51
"FB250001297",1072,10814,10.0876865671642,1072,7504,7,1072,0,0,17.0876865671642,18318
"FB250001303",420,4527.6,10.78,420,2305.8,5.49,420,0,0,16.27,6833.4
"FB250001422",661,8593,13,NA,NA,NA,NA,3067.5,0,NA,NA
"FB250002000",178.56,2257,12.6400089605735,178.56,1451.69,8.12998431899642,178.56,0,0,20.7699932795699,3708.69
"FB250003167",71.4,664.73,9.30994397759104,71.4,391.99,5.49005602240896,71.4,0,0,14.8,1056.72
"FB250003170",792.4,7377.24,9.30999495204442,792.4,4350.28,5.49000504795558,792.4,0,0,14.8,11727.52
"FB250003177",796.5,7590.65,9.5300062774639,796.5,5177.25,6.5,796.5,0,0,16.0300062774639,12767.9
"FB250003407",1822,18494.78,10.1508122941822,1691,12090.65,7.15,1691,0,0,17.3008122941822,30585.43
"FB250003422",245.9,2704.9,11,245.9,1598.35,6.5,245.9,0,0,17.5,4303.25
"FB250003593",249.963,3374.5,13.499997999704,249.963,2449.64,9.80001040153943,249.963,0,0,23.3000084012434,5824.14
"FB250006586",729.37,9664.72,13.2507780687443,729.37,5768.75,7.90922302809274,729.37,0,0,21.160001096837,15433.47
"FB250006587",816.85,10890.32,13.3320927954949,816.85,6323.38,7.74117647058823,816.85,0,0,21.0732692660831,17213.7
"FB250006599",1212.72,13037.66,10.7507586252391,497.28,3625.18,7.2900176962677,497.28,0,0,18.0407763215068,16662.84
"FB250006601",235.03,3424.39,14.5700123388504,235.03,1713.37,7.29000553120878,235.03,0,0,21.8600178700591,5137.76
"FB250007713",563.7,7328.1,13,563.7,4115.01,7.3,563.7,0,0,20.3,11443.11
"FB250009400",298.761,4293.2,14.3700148279059,298.761,2862.13,9.5799987280803,298.761,0,0,23.9500135559862,7155.33
"FB250010159",9.92,154.75,15.5997983870968,9.92,77.38,7.80040322580645,9.92,0,0,23.4002016129032,232.13
"FB250010232",684.02,8814.27,12.8859828659981,684.02,4606.2,6.73401362533259,684.02,0,0,19.6199964913307,13420.47
"FB250010809",262,5109,19.5,NA,NA,NA,NA,0,0,NA,NA
"FB250011022",1041,11555.94,11.1008069164265,1041,5879.32,5.64776176753122,1041,0,0,16.7485686839577,17435.26
"FB250011461",597,7874.43,13.19,597,4268.55,7.15,597,0,0,20.34,12142.98
"FB250012391",456.87,4864.27,10.6469455206076,NA,NA,NA,NA,0,0,NA,NA
"FB250014842",392.3,5178.36,13.2,392.3,2275.34,5.8,392.3,0,0,19,7453.7
"FB250015010",783.31,7879.33,10.0590187792828,783.31,5710.33,7.29000012766338,783.31,0,0,17.3490189069462,13589.66
"FB250015011",725.98,9206.37,12.681299760324,725.98,5919.97,8.15445329072426,725.98,0,0,20.8357530510482,15126.34
"FB250015015",487.2,4867.84,9.99146141215107,487.2,2770.02,5.68559113300493,487.2,0,0,15.677052545156,7637.86
"FB250015016",1960.62,16070.35,8.19656537217819,4425.7,14468.19,3.26913030707007,4425.7,0,0,11.4656956792483,30538.54
"FB250015024",1670.22,16346.38,9.78696219659686,1670.22,9820.4,5.87970447006981,1670.22,0,0,15.6666666666667,26166.78
"FB250015131",676.46,7194.1,10.6349229814032,NA,NA,NA,NA,0,0,NA,NA
"FB250016331",7.14,111.38,15.5994397759104,7.14,55.69,7.79971988795518,7.14,0,0,23.3991596638655,167.07
"FB250016333",1.04,16.22,15.5961538461538,1.04,8.11,7.79807692307692,1.04,0,0,23.3942307692308,24.33
"FB250016338",17.94,279.86,15.5997770345596,17.94,139.93,7.79988851727982,17.94,0,0,23.3996655518395,419.79
"FB250016517",488.61,4781.14,9.78518654959988,488.61,2855.35,5.84382227134115,488.61,0,0,15.629008820941,7636.49
"FB250016665",1668.08,17503.58,10.4932497242339,1668.08,11867.54,7.11449091170687,1668.08,0,0,17.6077406359407,29371.12
"FB250017064",29.21,455.68,15.6001369394043,29.21,227.84,7.80006846970216,29.21,0,0,23.4002054091065,683.52
"FB250018134",1268.64,13712.28,10.8086454786228,1268.64,7151.02,5.63676062555177,1268.64,0,0,16.4454061041745,20863.3
"FB250018230",39.41,614.8,15.600101497082,39.41,307.4,7.80005074854098,39.41,0,0,23.4001522456229,922.2
"FB250021751",546.7,7927.15,14.5,NA,NA,NA,NA,0,0,NA,NA
"FB250022641",282.482,2824.82,10,282.482,3107.3,10.9999929199029,282.482,553.35,1.95888587591422,22.9588787958171,6485.47
"FB250022856",82.5,742.5,9,82.5,495,6,82.5,0,0,15,1237.5
"FB250022953",290.5,4212.25,14.5,290.5,3486,12,290.5,460,1.58347676419966,28.0834767641997,8158.25
"FB250022957",579,5790,10,579,3474,6,579,0,0,16,9264
"FB250022984",70.1,911.3,13,55.1,606.1,11,55.1,0,0,24,1517.4
"FB250022988",627,6537,10.4258373205742,627,4075.5,6.5,627,0,0,16.9258373205742,10612.5
"FB250022992",80,862.4,10.78,80,501.6,6.27,80,0,0,17.05,1364
"FB250022993",385,5582.5,14.5,385,4620,12,385,690,1.79220779220779,28.2922077922078,10892.5
"FB250023027",657,7042,10.7184170471842,657,4270.5,6.5,657,0,0,17.2184170471842,11312.5
"FB250023434",191,2578.5,13.5,242,2126.9,8.78884297520661,242,0,0,22.2888429752066,4705.4
"FB250023574",1271,12074.5,9.5,1271,8261.5,6.5,1271,0,0,16,20336
"FB250023935",707.5,10258.75,14.5,707.5,7782.5,11,707.5,1150,1.62544169611307,27.1254416961131,19191.25
"FB250024475",302.527,4075.81,13.4725495575602,242.527,2582.91,10.6499894857067,242.527,0,0,24.1225390432669,6658.72
"FB250025050",792,5801.4,7.325,396,4356,11,396,1150,2.9040404040404,21.2290404040404,11307.4
"FB250027983",474.19,6227.23,13.1323520107974,474.19,3806.63,8.02764714565891,474.19,0,0,21.1599991564563,10033.86
"FB250027984",757.55,4359.79,5.75511847402812,499.77,2605.77,5.21393841166937,499.77,0,0,10.9690568856975,6965.56
"FB250028491",1464.36,14669.02,10.0173591193422,1464.36,10517.04,7.18200442514136,1464.36,0,0,17.1993635444836,25186.06
"FB250029003",864.227,12099.18,14.0000023142068,NA,NA,NA,NA,0,0,NA,NA
"FB250029280",642.546,7710.56,12.0000124504705,642.546,5782.91,8.99999377476476,642.546,1927.63,2.99998754952953,23.9999937747648,15421.1
"FB250029614",62.49,653.02,10.4499919987198,62.49,464.3,7.42998879820771,62.49,0,0,17.8799807969275,1117.32
"FB250030040",1.83,28.55,15.6010928961749,1.83,14.27,7.79781420765027,1.83,0,0,23.3989071038251,42.82
"FB250032373",581.69,5992.83,10.3024463202049,581.69,4212.98,7.24265502243463,581.69,0,0,17.5451013426395,10205.81
"FB250033716",424.455,6366.83,15.0000117798118,425.535,7234.1,17.0000117499148,425.535,924.46,2.17246524962694,34.1724887793535,14525.39
"FB250034140",167.06,1387.15,8.30330420208309,167.06,1009.04,6.03998563390399,167.06,0,0,14.3432898359871,2396.19
"FB250035476",1054,10106.74,9.58893738140417,1054,6312.96,5.98952561669829,1054,0,0,15.5784629981025,16419.7
"FB250035703",465.626,6285.95,13.4999978523536,465.626,6285.95,13.4999978523536,465.626,0,0,26.9999957047072,12571.9
"FB250036215",2258.96,13164.66,5.82775259411411,2770.73,4931.96,1.78002187149235,2770.73,0,0,7.60777446560646,18096.62
"FB250036216",1031.18,5571.58,5.40311099904963,1546.77,3648.47,2.35876697893029,1546.77,0,0,7.76187797797992,9220.05
"FB250036293",247.01,2476.72,10.0268005343913,NA,NA,NA,NA,0,0,NA,NA
"FB250036298",454.49,4652.18,10.2360447974653,454.49,2780.74,6.11837444168189,454.49,0,0,16.3544192391472,7432.92
"FB250036331",609.33,6787.46,11.1392184858779,609.33,4527.33,7.43001329328935,609.33,0,0,18.5692317791673,11314.79
"FB250036373",419.96,2770.69,6.59750928659872,629.94,1910.84,3.03336825729435,629.94,0,0,9.63087754389307,4681.53
"FB250036632",1285,12470.5,9.70466926070039,1285,8995,7,1285,0,0,16.7046692607004,21465.5
"FB250037947",277,2825.4,10.2,277,1883.6,6.8,277,0,0,17,4709
"FB250041043",1134,12412,10.9453262786596,1134,7938,7,1134,0,0,17.9453262786596,20350
"FB250041294",351.321,5094.15,14.4999871912012,351.321,3161.89,9.00000284639973,351.321,1088.95,3.09958698739899,26.5995770249999,9344.99
"FB250043797",847,8639.4,10.2,847,5759.6,6.8,847,0,0,17,14399
"FB250044482",478.82,6703.48,14,478.82,6224.66,13,478.82,0,0,27,12928.14
"FB250044722",295.3,3248.3,11,295.3,2214.75,7.5,295.3,0,0,18.5,5463.05
"FB250047190",155,1135.38,7.32503225806452,77.5,775,10,77.5,0,0,17.3250322580645,1910.38
"FB250047192",600,5556,9.26,600,3600,6,600,0,0,15.26,9156
"FB250047584",1048.82,11379.55,10.8498598424897,1048.82,11379.55,10.8498598424897,1048.82,1000,0.953452451326252,22.6531721363056,23759.1
"FB250047741",2640,27889,10.5640151515152,2640,17160,6.5,2640,0,0,17.0640151515152,45049
"FB250047885",446,4014,9,446,2676,6,446,0,0,15,6690
"FB250048216",434.32,2367.04,5.44999079020077,NA,NA,NA,NA,0,0,NA,NA
"FB250048217",387.52,4089.54,10.5531069364162,NA,NA,NA,NA,0,0,NA,NA
"FB250049618",106.767,1441.35,13.4999578521453,56.767,766.35,13.4999207285923,56.767,0,0,26.9998785807376,2207.7
"FB250050252",612.085,8177.47,13.3600235261442,607.429,3860.94,6.35619965460984,607.429,0,0,19.7162231807541,12038.41
"FB250050570",1545.96,17858.19,11.5515213847706,1545.96,11486.48,7.42999818882765,1545.96,0,0,18.9815195735983,29344.67
"FB250050755",1467,13936.5,9.5,1467,10269,7,1467,0,0,16.5,24205.5
"FB250051719",695,6255,9,695,4170,6,695,0,0,15,10425
"FB250051971",441.43,4543.09,10.2917563373581,NA,NA,NA,NA,0,0,NA,NA
"FB250052764",505,5656,11.2,505,3181.5,6.3,505,0,0,17.5,8837.5
"FB250053479",468.323,4493.23,9.59429709837014,468.323,5830.83,12.4504455258443,468.323,0,0,22.0447426242145,10324.06
"FB250053861",2424,26155,10.7900165016502,2424,15756,6.5,2424,0,0,17.2900165016502,41911
"FB250053996",1938.5,18574.9,9.58209956151664,1938.5,12036.05,6.20895021924168,1938.5,0,0,15.7910497807583,30610.95
"FB250054449",733.3,11571.47,15.7799945452066,733.3,5030.44,6.8600027273967,733.3,0,0,22.6399972726033,16601.91
"FB250055537",1.19,18.56,15.5966386554622,1.19,9.28,7.79831932773109,1.19,0,0,23.3949579831933,27.84
"FB250055539",9.07,141.49,15.5997794928335,9.07,70.75,7.80044101433297,9.07,0,0,23.4002205071665,212.24
"FB250056295",1480,13920,9.4054054054054,1480,8288,5.6,1480,0,0,15.0054054054054,22208
"FB250056781",1855.895,15001.67,8.0832536323445,1849.35,11170.07,6.03999783707789,1849.35,0,0,14.1232514694224,26171.74
"FB250058313",1085,10850,10,1115,7247.5,6.5,1115,0,0,16.5,18097.5
"FB250058348",84.93,899.38,10.5896620746497,NA,NA,NA,NA,0,0,NA,NA
"FB250060044",1208,10872,9,1208,7729.85,6.39888245033113,1208,0,0,15.3988824503311,18601.85
"FB250060205",208.56,2346.3,11.25,NA,NA,NA,NA,0,0,NA,NA
"FB250060336",240.48,3252.94,13.5268629407851,190.482,2028.63,10.6499826755284,190.482,0,0,24.1768456163135,5281.57
"FB250060567",447.7,5119.84,11.4358722358722,447.7,2820.51,6.3,447.7,0,0,17.7358722358722,7940.35
"FB250061191",658,6580,10,658,4277,6.5,658,0,0,16.5,10857
"FB250061201",425,4433,10.4305882352941,425,2762.5,6.5,425,0,0,16.9305882352941,7195.5
"FB250061818",1177.9,12186.88,10.3462772731132,1177.9,7420.77,6.3,1177.9,0,0,16.6462772731132,19607.65
"FB250062166",473,4824.6,10.2,473,2979.9,6.3,473,0,0,16.5,7804.5
"FB250062227",731.255,6132.78,8.38665034768993,731.255,4956.84,6.77853826640502,731.255,0,0,15.1651886140949,11089.62
"FB250062866",1472.531,13173.72,8.94631080771814,1472.531,8894.09,6.04000187432387,1472.531,0,0,14.986312682042,22067.81
"FB250062890",1113.664,8701.75,7.81362242112522,550.332,4952.99,9.00000363416992,550.332,550.33,0.999996365830081,17.8136224211252,14205.07
"FB250063903",86.717,1127.32,12.9999884682358,86.717,972.1,11.2100280221871,86.717,0,0,24.2100164904229,2099.42
"FB250064242",378.5,4708.54,12.44,378.5,3448.14,9.11001321003963,378.5,0,0,21.5500132100396,8156.68
"FB250064608",125,1555,12.44,125,1138.75,9.11,125,0,0,21.55,2693.75
"FB250064847",190.98,2375.79,12.4399937166195,190.98,1739.83,9.11001151953084,190.98,0,0,21.5500052361504,4115.62
"FB250064944",224.51,2792.9,12.4399804017638,224.51,2045.29,9.11001737116387,224.51,0,0,21.5499977729277,4838.19
"FB250065052",1067,11108,10.4104967197751,1067,6935.5,6.5,1067,0,0,16.9104967197751,18043.5
"FB250065286",289.52,3828.21,13.2226098369715,289.52,2259.04,7.8027079303675,289.52,0,0,21.025317767339,6087.25
"FB250065940",1016.83,8224.56,8.08843169458021,1016.83,6141.65,6.0399968529646,1016.83,0,0,14.1284285475448,14366.21
"FB250067644",475,4750,10,475,3325,7,475,0,0,17,8075
"FB250067645",2384.4,24569.58,10.3043029693005,2384.4,15021.72,6.3,2384.4,0,0,16.6043029693005,39591.3
"FB250067686",824.6,10676.07,12.9469682270192,646.2,4071.06,6.3,646.2,0,0,19.2469682270192,14747.13
"FB250068458",28.14,438.98,15.5998578535892,28.14,219.49,7.7999289267946,28.14,0,0,23.3997867803838,658.47
"FB250068481",3.01,46.96,15.6013289036545,3.01,23.48,7.80066445182724,3.01,0,0,23.4019933554817,70.44
"FB250069126",1107,11754,10.6178861788618,1107,7195.5,6.5,1107,0,0,17.1178861788618,18949.5
"FB250069325",213.91,2823.61,13.1999906502735,213.91,2718.8,12.7100182319667,213.91,713.91,3.33743163012482,29.247440512365,6256.32
"FB250069692",1170,12870,11,1170,7605,6.5,1170,0,0,17.5,20475
"FB250072356",893,8930,10,893,5804.5,6.5,893,0,0,16.5,14734.5
"FB250073394",892.3,9387.4,10.5204527625238,892.3,6032.15,6.76022638126191,892.3,0,0,17.2806791437857,15419.55
"FB250074531",792.8,8025.4,10.1228557013118,792.8,5153.2,6.5,792.8,0,0,16.6228557013118,13178.6
"FB250077847",466.832,5324.02,11.4045738081365,451.832,3501.7,7.75000442642398,451.832,903.66,1.99999114715204,21.1545693817126,9729.38
"FB250081721",1946,19460,10,1946,13446.5,6.90981500513875,1946,0,0,16.9098150051387,32906.5
"FB250082208",942.57,10171.01,10.7907211135512,942.57,5938.19,6.29999893907084,942.57,0,0,17.0907200526221,16109.2
