ID_FB,VOL_REEL_ABA_M3,COUT_TOTAL_ABA,COUT_ABA_TERRE_M3,VOL_REEL_DEB_M3,COUT_TOTAL_DEB,COUT_DEB_TERRE_M3,VOL_REF
FB200015735,157.95,1626.89,10.300031655587212,315.9,1061.42,3.359987337765116,315.9
FB200024865,583,6996,12,883,5810.14,6.58,883
FB200069430,190.61,2343.73,12.295944598919258,190.61,1405.96,7.376108283930538,190.61
FB210006823,170.5,2206.27,12.94,170.5,1563.49,9.170029325513196,170.5
FB210021530,162,1636.2,10.1,162,999.54,6.17,162
FB210021624,364,3676.4,10.1,364,2042.04,5.61,364
FB210022193,88.9,849.88,9.559955005624296,98.30000000000001,905,9.206510681586977,98.30000000000001
FB210022802,154.8,1893.2,12.229974160206718,NA,NA,NA,NA
FB210022834,70,651,9.3,NA,NA,NA,NA
FB210023069,435,3915,9,435,2610,6,435
FB210023192,192.1,1832.63,9.539979177511713,192.1,1077.68,5.609994794377928,192.1
FB210023548,324,3823.2,11.799999999999999,NA,NA,NA,NA
FB210024365,176,1584,9,176,1056,6,176
FB210024645,291.1,3705.7,12.729989694263137,291.1,2075.54,7.1299896942631396,291.1
FB210024680,921.6099999999999,3945.86,4.281485660962881,921.6099999999999,2419.83,2.625655103568755,921.6099999999999
FB210025142,24.87,380.51,15.299959790912744,24.87,190.26,7.650180940892641,24.87
FB210028739,102.79,1104.1399999999999,10.74170639167234,NA,NA,NA,NA
FB210028930,2255.96,14945.89,6.625068706891966,2255.96,8965.519999999999,3.9741484778098894,2255.96
FB210028934,249.61,2883.3,11.551219903048755,249.61,1834.08,7.347782540763591,249.61
FB210033551,162.18,1643.08,10.131212233321001,162.18,1156.35,7.130040695523491,162.18
FB210035327,87,829.98,9.540000000000001,87,488.07,5.61,87
FB210035918,597.64,7368.46,12.329261762934209,597.64,4396.97,7.357221738839436,597.64
FB210038493,336.43,148.03,0.4400023779092233,336.43,235.5,0.6999970276134708,336.43
FB210038498,340.40999999999997,215.6,0.6333538967715402,340.40999999999997,267.8,0.786698393114186,340.40999999999997
FB210038522,1080.49,13554.98,12.545215596627456,1080.49,8173.07,7.564225490286814,1080.49
FB210044225,2421.73,30142.86,12.44682933274973,2421.73,17655.760000000002,7.290556750752562,2421.73
FB210050103,4.42,77.57,17.54977375565611,4.42,80.44,18.199095022624434,4.42
FB210052353,426.32,2585.3,6.064224057046351,426.32,1710.53,4.012314693188215,426.32
FB210060349,388.99,3909.3399999999997,10.049975577778348,388.99,2773.5,7.130003341988226,388.99
FB210061833,694.5,6625.53,9.54,694.5,3896.15,5.610007199424047,694.5
FB210062552,45.67,411.03,8.999999999999998,281.2,1577.53,5.6099928876244665,281.2
FB210064007,3681,41963.4,11.4,3681,23926.5,6.5,3681
FB210064901,245.38,1521.36,6.200016301247045,245.38,858.84,3.500040753117614,245.38
FB210067122,333.1,3856.55,11.57775442809967,333.1,2456.62,7.375022515761032,333.1
FB210067410,871.227,13068.41,15.000005739032423,NA,NA,NA,NA
FB210068066,498.03,6130.24,12.308977370841115,779.89,3951.7000000000003,5.066996627729552,779.89
FB210068067,347.47,4238.21,12.197340777621088,504.13,2739.0699999999997,5.433261261976077,504.13
FB210071611,600.9100000000001,6750.46,11.23372884458571,600.9100000000001,4286.8,7.133846998718609,600.9100000000001
FB210073106,695,8916.85,12.83,695,5942.25,8.55,695
FB210073498,366.21,4698.47,12.829988258103276,366.21,2611.08,7.130007372818874,366.21
FB210074438,107.13,1119.71,10.451880892373753,107.13,780.98,7.290021469242976,107.13
FB210074496,121.25999999999999,1401.82,11.560448622793997,121.25999999999999,892.1400000000001,7.357248886689759,121.25999999999999
FB210074501,15.65,239.45,15.300319488817891,15.65,119.72,7.649840255591054,15.65
FB220000019,258.18,2675.15,10.361569447672167,408.18,2910.33,7.130016169337057,408.18
FB220000043,217.65,2764.16,12.70002297266253,217.65,1786.91,8.210016080863772,217.65
FB220003307,1229.1100000000001,13145.400000000001,10.695055772062712,1229.1100000000001,8067.66,6.563822603347137,1229.1100000000001
FB220004062,967,12571,13,989,5548.29,5.61,989
FB220004108,568.31,6005.58,10.56743678626102,568.31,3779.74,6.650841970051556,568.31
FB220004109,906.02,9386.86,10.36054391735282,906.02,6604.889999999999,7.2900046356592565,906.02
FB220004111,733.3199999999999,7822.16,10.666775759559265,733.3199999999999,4827.530000000001,6.583115147548138,733.3199999999999
FB220004112,79.66,767.13,9.630052724077329,79.66,567.98,7.130052724077329,79.66
FB220004132,491.77,5201.9400000000005,10.577993777578952,491.77,3267.15,6.643654553958152,491.77
FB220004172,720.2500000000001,9084.19,12.612551197500867,720.2500000000001,5420.7,7.5261367580701135,720.2500000000001
FB220004173,918.77,10197.63,11.099219608824841,918.77,6426.14,6.994285838675621,918.77
FB220004193,495,4572.219999999999,9.23680808080808,495,3347.79,6.7632121212121215,495
FB220004195,393,3624.34,9.222239185750636,393,2679.7200000000003,6.818625954198474,393
FB220004202,924.45,9623.24,10.409692249445616,924.45,6591.33,7.130001622586402,924.45
FB220005933,692.02,3875.3199999999997,5.600011560359527,692.02,2449.76,3.540013294413457,692.02
FB220006726,125.755,1634.82,13.000039759850504,125.755,1383.31,11.000039759850504,125.755
FB220007895,1166,12826,11,1166,6996,6,1166
FB220007896,930,10230,11,NA,NA,NA,NA
FB220007910,166.7,2157.1,12.94001199760048,166.7,1631.99,9.789982003599281,166.7
FB220008591,665,5985,9,665,3990,6,665
FB220008609,35.5,436.65,12.299999999999999,NA,NA,NA,NA
FB220008617,37.5,485.25,12.94,37.5,345.38,9.210133333333333,37.5
FB220008855,303,3302.7,10.899999999999999,216,1276.56,5.91,216
FB220010186,693,9563.4,13.799999999999999,840,5460,6.5,840
FB220010931,690.333,6903.33,10,690.333,6868.81,9.949995147269506,690.333
FB220013220,1514.0600000000002,8269.2,5.46160654135239,1814.0600000000002,6920.64,3.8150006063746513,1814.0600000000002
FB220013400,82.203,747.23,9.090057540479059,NA,NA,NA,NA
FB220013401,84,763.56,9.09,NA,NA,NA,NA
FB220014751,328.69,4019.57,12.229060817183365,487.64,2595.8599999999997,5.323312279550487,487.64
FB220016564,785.71,9051.380000000001,11.520001018187372,785.71,8226.380000000001,10.469995290883405,785.71
FB220017881,445.7,5005.21,11.229997756338344,445.7,2500.38,5.610006730984968,445.7
FB220019140,245.99599999999998,2890.4500000000003,11.749987804679753,246,2263.2,9.2,246
FB220019141,150,1747.5,11.65,143.46,903.8,6.300013941168269,143.46
FB220019175,105.8,1246.33,11.780056710775046,NA,NA,NA,NA
FB220019367,810,9395,11.598765432098766,810,15715,19.401234567901234,810
FB220019704,487.78999999999996,5034.38,10.32079378421042,487.78999999999996,3555.99,7.290001845056274,487.78999999999996
FB220019726,444.87,5707.68,12.82999527951986,444.87,3171.92,7.129993031672174,444.87
FB220020101,18.31,205.44,11.220098306936102,18.31,130.73,7.139814309120699,18.31
FB220020913,401.4,3663.64,9.127154957648232,401.4,2422.61,6.035401096163429,401.4
FB220021094,150,1632,10.88,201,1507.5,7.5,201
FB220021098,197.37,2823.8399999999997,14.307341541267668,488.37,3940.41,8.068493150684931,488.37
FB220022787,650.4,6204.82,9.540006150061501,650.4,3648.74,5.609993849938499,650.4
FB220022808,200,2180,10.9,259.6,1640.67,6.319992295839754,259.6
FB220022837,942.6,13149.27,13.95,934.6,5523.49,5.910004279905841,934.6
FB220024484,720,8460,11.75,720.34,6713.57,9.32000166588,720.34
FB220024487,646,7538.82,11.67,646.48,4059.89,6.279993193911644,646.48
FB220026130,377,4331.73,11.489999999999998,396,2221.56,5.609999999999999,396
FB220026145,761.64,8606.53,11.299997374087496,761.64,6512.02,8.549997374087496,761.64
FB220026146,876.3199999999999,10068.92,11.490003651634106,876.32,5538.34,6.31999726127442,876.32
FB220026638,832,8827.52,10.610000000000001,832,4975.360000000001,5.98,832
FB220028670,589.443,6189.66,10.500862678834086,554.088,4795.57,8.654888754132918,554.088
FB220030598,20.985,210.82,10.04622349297117,21.12,141.29,6.689867424242424,21.12
FB220030661,56.49,534.62,9.463975924942467,56.49,379.83,6.723844928305894,56.49
FB220030747,273.41,2925.49,10.700010972532093,273.41,1708.81,6.249990856223254,273.41
FB220030797,429.14,5401.55,12.586918022090694,794.97,3460.42,4.352893819892574,794.97
FB220030977,906.9799999999999,9300.6,10.254470881386581,1277.5299999999997,6982.43,5.465570280149978,1277.5299999999997
FB220030998,155.73,1878.1,12.059975598792782,155.73,1110.35,7.12996853528543,155.73
FB220031780,609.121,6005.4000000000005,9.859124870099702,NA,NA,NA,NA
FB220033229,662,6315.48,9.54,662,3713.82,5.61,662
FB220035304,1275.35,15638.46,12.262092758850512,1275.35,9431.61,7.39531109107304,1275.35
FB220035309,596.16,3911.29,6.560805823939882,596.16,2390.8999999999996,4.010500536768652,596.16
FB220035736,93.229,1208.95,12.967531562067597,93.229,879.15,9.430005684926364,93.229
FB220035739,55,640.75,11.65,61.1,383.71,6.280032733224222,61.1
FB220035746,637,7765.03,12.19,637,5172.44,8.12,637
FB220036538,927.884,10902.64,11.750003233162765,941.885,7299.610000000001,7.750001327125924,941.885
FB220037013,885,7965,9,885,5310,6,885
FB220038340,170.785,1793.24,10.499985361712094,176.485,1623.66,9.199988667592146,176.485
FB220038341,294,3381,11.5,294,1911,6.5,294
FB220042764,478.01,5944.84,12.436643584862242,478.01,3645.1400000000003,7.6256563670216115,478.01
FB220042778,655.46,7532.280000000001,11.491593689927685,655.46,4776.01,7.286501083208739,655.46
FB220042779,350.49,4026.91,11.489372022026306,350.49,2553.04,7.284202117036149,350.49
FB220042897,187.92,2207.57,11.74739250744998,187.92,1349.49,7.181194125159643,187.92
FB220044462,324.5,4095.95,12.622342064714946,324.5,2440.44,7.520616332819722,324.5
FB220046077,2697.2,17975.239999999998,6.664407533738692,2697.2,10659.070000000002,3.9519019724158393,2697.2
FB220047121,805.97,8580.5,10.646177897440351,805.97,5066.679999999999,6.28643746045138,805.97
FB220047122,582.06,3187.6099999999997,5.4764285468852005,582.06,2220.5699999999997,3.8150190701989484,582.06
FB220049055,322.21000000000004,4320.7699999999995,13.409794854287574,322.21000000000004,2584.3,8.020545606902331,322.21000000000004
FB220049063,213.78,1211.07,5.665029469548133,NA,NA,NA,NA
FB220050025,856.22,12345.460000000001,14.418560650300158,856.22,6104.85,7.130001635093785,856.22
FB220050815,42.75,457.43,10.700116959064328,42.75,281.3,6.580116959064328,42.75
FB220050819,578.8499999999999,7246.15,12.518182603437852,578.8499999999999,4387.4,7.579511099594023,578.8499999999999
FB220052639,298.63,5972.6,20,298.63,5375.34,18,298.63
FB220052876,58,750.52,12.94,58,534.18,9.209999999999999,58
FB220053012,80.616,1048.01,13.000024808970924,80.616,1048.01,13.000024808970924,80.616
FB220053399,430.86,4824,11.196212226709372,430.86,3056.93,7.094949635612496,430.86
FB220053857,609.26,7419.0599999999995,12.177165742047729,871.29,4797.03,5.5056640154254035,871.29
FB220053959,831.6,9555.08,11.48999518999519,913.803,5126.43,5.609994714396867,913.803
FB220054010,350,5337.5,15.25,368.5,2653.2,7.199999999999999,368.5
FB220054033,406.04,4624.8,11.3900108363708,406.04,2277.88,5.609989163629199,406.04
FB220054040,895,10283.55,11.489999999999998,895,5020.95,5.609999999999999,895
FB220054151,345.36,4193.049999999999,12.141099142923323,345.36,2577.74,7.463921704887652,345.36
FB220055478,470,5470.0599999999995,11.638425531914892,470,2966.5,6.311702127659575,470
FB220055523,1144.026,8107.55,7.086858165810916,870.44,6093.08,6.999999999999999,870.44
FB220055617,1709.68,18806.48,11,1709.68,10258.08,6,1709.68
FB220055646,1096.054,12571.75,11.470009689303629,1096.0600000000002,9513.79,8.679990146524824,1096.0600000000002
FB220055681,310,4278,13.8,NA,NA,NA,NA
FB220055727,863.5,10862.83,12.58,863.5,8937.23,10.350005790387955,863.5
FB220055910,87.3,1161.09,13.299999999999999,370.9,3132.5,8.44567268805608,370.9
FB220056050,325.021,4875.32,15.000015383621365,369.09,4521.35,12.249993226584303,369.09
FB220057281,1210,15125,12.5,1210,7865,6.5,1210
FB220058355,1204,12040,10,254,1639,6.452755905511811,254
FB220058656,81.11,781.09,9.63000863025521,81.11,578.31,7.1299469855751445,81.11
FB220058657,9.3,89.56,9.63010752688172,9.3,66.31,7.13010752688172,9.3
FB220058658,17.8,171.41,9.629775280898876,17.8,126.91,7.129775280898876,17.8
FB220058864,566.8,6455.85,11.389996471418492,1269.8,7767.549999999999,6.117144432194046,1269.8
FB220062525,168,1599.36,9.52,NA,NA,NA,NA
FB220062529,336,3860.6400000000003,11.49,2035.48,12553.27,6.167228368738578,2035.48
FB220063130,1017.8,9709.81,9.539998034977403,1017.8,5709.86,5.610001965022597,1017.8
FB220063678,173.28,2007.17,11.583391043397969,65.14,464.45,7.130027632790911,65.14
FB220064893,488.42,5745.389999999999,11.763216084517422,488.42,3156.29,6.462245608287948,488.42
FB220064894,844.76,8547.01,10.117678393863347,844.76,6023.139999999999,7.130001420521804,844.76
FB220066273,106.05,1346.84,12.7000471475719,106.05,870.67,8.20999528524281,106.05
FB220068372,332.598,3911.35,11.759992543551073,332.598,2916.88,8.769986590418464,332.598
FB220068712,849.28,10595.560000000001,12.475932554634516,1476.1100000000001,6804.55,4.60978517861135,1476.1100000000001
FB220068713,722.96,9038.2,12.501659842868209,722.96,5486.4400000000005,7.58885692154476,722.96
FB220068781,651.04,7550.07,11.596937208159254,651.04,4814.2699999999995,7.394737650528385,651.04
FB220068804,2100,21000,10,2100,12600,6,2100
FB220068977,97.1,1038.97,10.700000000000001,252.39,2282.8,9.044732358651295,252.39
FB220068983,291,2802.33,9.629999999999999,521.9,3574.46,6.848936577888485,521.9
FB220071282,622.099,7682.919999999999,12.34999574022784,622.0899999999999,6376.43,10.25001205613336,622.0899999999999
FB220071382,216.36,2248.21,10.391061194305786,216.36,1577.26,7.289979663523757,216.36
FB220071383,1096.78,11322.82,10.323692992213571,1096.78,7995.52,7.289994347088752,1096.78
FB220071384,145.12,1430.02,9.854051819184123,145.12,1022.23,7.044032524807056,145.12
FB220071385,862.5799999999999,10419.349999999999,12.079285399615108,862.5799999999999,6246.98,7.2422036216930605,862.5799999999999
FB220071391,493.827,5847.110000000001,11.840401598130521,493.90999999999997,3458.6000000000004,7.002490332246767,493.90999999999997
FB220071392,1062.78,10945.59,10.299017670637385,1062.78,7747.67,7.290003575528331,1062.78
FB220071393,321.90999999999997,3678.12,11.425926501195987,321.90999999999997,2323.8900000000003,7.219067441210278,321.90999999999997
FB220071394,533.6400000000001,6655.49,12.471872423356567,533.6400000000001,4058.7,7.6056892286935,533.6400000000001
FB220071395,1048.17,13156.01,12.551408645544138,1048.17,7924.91,7.560710571758397,1048.17
FB220071396,510.65999999999997,6398.88,12.53060744918341,510.65999999999997,3866.96,7.5724748364861165,510.65999999999997
FB220071398,414.64,5172.85,12.475520933822112,414.64,3152.7799999999997,7.603656183677407,414.64
FB220071399,774.41,7387.87,9.539998192172105,774.41,5211.78,6.730000903913948,774.41
FB220071400,374.26,3656.31,9.769438358360498,374.26,2604.64,6.959439961524074,374.26
FB220071412,569.51,5896.200000000001,10.353110568734527,569.51,4151.73,7.290003687380379,569.51
FB220071413,529.5799999999999,2953.0199999999995,5.5761546886211715,529.5799999999999,1878.16,3.5465085539484127,529.5799999999999
FB220071414,293.34000000000003,1705.6,5.814413308788436,293.34000000000003,1116.01,3.8044930797027336,293.34000000000003
FB220071416,444.04,4862.24,10.950004504098729,444.04,2837.42,6.390009909017206,444.04
FB220071499,825.96,8522.01,10.317703036466657,625.96,4563.25,7.29000255607387,625.96
FB220072297,534,5393.4,10.1,534,2995.74,5.609999999999999,534
FB220074089,3337,31974.67,9.581860952951752,3337,18439.46,5.525759664369193,3337
FB220074838,310.48,1419.2400000000002,4.571115691832002,NA,NA,NA,NA
FB230000023,573.09,5702.42,9.950304489696208,573.09,4063.38,7.090299952886981,573.09
FB230000040,691.91,7171.68,10.365047477273057,691.91,5044.030000000001,7.290008816175516,691.91
FB230000042,936.13,10001.39,10.683761870680353,936.13,6151.82,6.5715445504363705,936.13
FB230000044,148.91,1572.7399999999998,10.561681552615672,148.91,990.9599999999999,6.6547579074608825,148.91
FB230000048,1033.33,12926.05,12.509120997164507,1033.33,7837.4400000000005,7.584643821431683,1033.33
FB230000250,1524.7000000000003,8622.06,5.6549222797927445,1524.7000000000003,5938.7,3.8949957368662678,1524.7000000000003
FB230002266,19.88,304.16,15.29979879275654,19.88,152.08,7.64989939637827,19.88
FB230002364,600.1800000000001,6192.12,10.317104868539436,600.1800000000001,4375.31,7.289996334433003,600.1800000000001
FB230003231,203,2888.69,14.23,203.287,1825.52,8.980013478481162,203.287
FB230003236,392,5789.84,14.77,392,4398.24,11.219999999999999,392
FB230003237,514,7314.219999999999,14.229999999999999,514.422,4619.51,8.980000855328893,514.422
FB230004069,33.200000000000045,335.3199999999997,10.099999999999977,1089.6000000000001,6722.83,6.1699981644640225,1089.6000000000001
FB230004600,10.1,121.6,12.03960396039604,10.1,79.29,7.850495049504952,10.1
FB230004672,434.1,4384.41,10.1,434.1,2435.3,5.609997696383322,434.1
FB230005138,1821.463,9107.32,5.000002745046152,NA,NA,NA,NA
FB230005227,506.07,6093.08,12.039994467168574,506.07,3972.65,7.850000988005612,506.07
FB230005420,2.03,31.06,15.30049261083744,2.03,15.53,7.65024630541872,2.03
FB230006337,712.346,7835.8099999999995,11.000005615248769,712.346,4274.08,6.000005615248769,712.346
FB230006385,333,3996,12,333,2091.24,6.279999999999999,333
FB230006615,307.9,3109.79,10.100000000000001,307.9,1727.32,5.61000324780773,307.9
FB230007220,1626.8000000000002,16174.1,9.942279321367101,1626.8,9338,5.740103270223752,1626.8
FB230007607,1546,14748.84,9.540000000000001,1546,8673.06,5.609999999999999,1546
FB230008026,46,460,10,196,1450.8799999999999,7.402448979591836,196
FB230008824,562,5962.82,10.61,562,3990.2,7.1,562
FB230008981,811.4200000000001,9088.390000000001,11.200598949988908,811.4200000000001,5669.8,6.987503389120307,811.4200000000001
FB230009128,596.5,6830.61,11.451148365465214,627.3,5726.84,9.129347999362347,627.3
FB230009134,688.3,6421.84,9.33000145285486,688.3,6015.75,8.740011622838878,688.3
FB230009148,512.916,5385.62,10.500003899273954,512.916,3333.95,6.499992201452089,512.916
FB230009161,163.69,1964.28,12,163.69,1461.75,8.929989614515243,163.69
FB230009466,214,2833.36,13.24,214,2144.28,10.020000000000001,214
FB230009474,415.174,5247.8,12.64000154152235,415.174,3915.09,9.42999802492449,415.174
FB230009499,1123.8,13283.310000000001,11.819994660971705,1123.8,7187.84,6.396013525538352,1123.8
FB230009623,280,3309.6,11.82,280,1960,7,280
FB230009882,167.621,2219.3,13.23998782968721,167.621,1679.56,10.019985562668161,167.621
FB230009885,418,5647.18,13.510000000000002,418,3277.12,7.84,418
FB230011739,2689,25653.059999999998,9.54,2689,15085.289999999999,5.609999999999999,2689
FB230011878,798.39,7859.58,9.844286626836508,1596.78,6414.5,4.017147008354313,1596.78
FB230012556,891.86,10566.22,11.847397573610207,891.86,6233.08,6.988854752988137,891.86
FB230013613,780.77,7734.689999999999,9.906489747300741,1561.54,6306.280000000001,4.0385004546793555,1561.54
FB230013825,1220.47,15614.439999999999,12.793792555327045,1220.47,9060.3,7.423615492392274,1220.47
FB230013834,692.0300000000001,8959.289999999999,12.94638960738696,692.0300000000001,5077.63,7.337297516003641,692.0300000000001
FB230013835,874.03,11305.33,12.934716199672781,874.03,6418.79,7.343901239087903,874.03
FB230013885,595,4135.25,6.95,595,2299.6800000000003,3.865008403361345,595
FB230013895,378.87,3740.69,9.873281072663447,378.87,2676.0600000000004,7.063267083696256,378.87
FB230013899,988.76,7876.93,7.9664731582992845,587.99,4391.29,7.468307284137485,587.99
FB230014333,474.7,5269.17,11.1,474.7,2663.07,5.610006319780915,474.7
FB230014347,190,1919,10.1,190,1172.3,6.17,190
FB230014412,254.2,3174.96,12.490007867820614,254.2,1779.4,7.000000000000001,254.2
FB230014468,42.2,461.67,10.940047393364928,42.2,443.1,10.5,42.2
FB230014478,98.6,1078.68,10.939959432048683,98.6,1133.9,11.500000000000002,98.6
FB230014922,9785.45,112254.85,11.471608357306,3500,15750,4.5,3500
FB230015072,710,6908.3,9.73,710,4473,6.3,710
FB230015093,202.4,2392.37,11.820009881422925,202.4,1356.08,6.699999999999999,202.4
FB230015131,381.1,4954.3,13,381.11,2667.77,7,381.11
FB230015144,726.2,8784.68,12.096777747177086,726.2,5083.4,6.999999999999999,726.2
FB230015202,2900,29000,10,2900,17400,6,2900
FB230015673,136.02,1690.5,12.428319364799293,136.02,1037.88,7.630348478164976,136.02
FB230015700,393.56,4738.46,12.03999390181929,393.56,3089.45,7.850010163634515,393.56
FB230015701,428.16,5155.05,12.040008408071749,428.16,3361.06,7.850009342301942,428.16
FB230015923,26.484,318.87,12.040099682827368,26.46,252.43,9.540060468631896,26.46
FB230016106,1415.723,14072.060000000001,9.93983992631327,1272.781,8909.470000000001,7.000002357043358,1272.781
FB230016391,1177.8500000000001,14715.359999999999,12.493407479730013,1177.8500000000001,8944.03,7.59352209534321,1177.8500000000001
FB230016410,1230.94,7118.16,5.7827026500073115,1140.94,4197.49,3.678975230949918,1140.94
FB230016511,847.6,10552,12.449268522888154,1695.2,6707.8,3.9569372345445966,1695.2
FB230017280,642.71,8027.45,12.49000326741454,642.71,4016.94,6.250003889779216,642.71
FB230017874,830,11454,13.8,830,5644,6.8,830
FB230017876,246.638,3265.49,13.240011677032735,246.638,2471.31,10.019988809510293,246.638
FB230017907,500.5,5518.72,11.026413586413588,812.0600000000001,2934.7400000000002,3.613944782405241,812.0600000000001
FB230017939,1385.8799999999999,7557.14,5.452954079718302,1385.8799999999999,5398.0199999999995,3.8950125551995844,1385.8799999999999
FB230018000,1143.15,14693.64,12.85364125442855,1143.15,8854.060000000001,7.745317762323405,1143.15
FB230018001,892.95,11453.77,12.826888403606025,892.95,6929.54,7.760277731115964,892.95
FB230018004,187.69,2470,13.159997868826256,187.69,1289.43,6.869998401619693,187.69
FB230018060,1134,10818.36,9.540000000000001,1134,6361.74,5.609999999999999,1134
FB230018260,317.9,3737.02,11.755331865366468,317.9,2278.04,7.165901226800881,317.9
FB230018379,717.792,7895.71,10.9999972136775,717.792,5742.34,8.000005572645,717.792
FB230019186,73.58000000000001,846.87,11.509513454743136,73.58000000000001,537.49,7.304838271269365,73.58000000000001
FB230020997,765.64,9325.970000000001,12.180620134789198,765.64,5383.41,7.031254897863225,765.64
FB230020998,426.65,4525.21,10.606375249033166,426.65,2826.25,6.62428219852338,426.65
FB230020999,1009.28,10745.03,10.646232958148383,1009.28,7357.65,7.289998811033608,1009.28
FB230021077,562.23,6474.98,11.516603525247673,562.23,4111.139999999999,7.312203190864947,562.23
FB230021140,504,6239.52,12.38,630,5770.8,9.16,630
FB230021141,400,5628,14.07,394,3014.1,7.6499999999999995,394
FB230022939,906.98,11600.880000000001,12.790667930935633,925.4300000000001,7071.26,7.641053348173282,925.4300000000001
FB230022954,218,2071,9.5,218,1220.8,5.6,218
FB230022976,415.5,4483.4,10.790373044524669,420.2,3155.95,7.510590195145169,420.2
FB230023021,360,3441.6,9.56,360,2926.8,8.13,360
FB230023294,3633.8,26005.27,7.156494578677968,3633.8,20385.62,5.610000550388023,3633.8
FB230023306,1290,13301.97,10.31160465116279,1290,9404.1,7.29,1290
FB230023443,960.101,24002.53,25.00000520778543,NA,NA,NA,NA
FB230024253,1024.1200000000001,10359.84,10.115845799320391,1024.12,5745.31,5.609996875366169,1024.12
FB230024276,3058.31,29396.09,9.611873878056835,3058.31,20802.24,6.801874237732605,3058.31
FB230024688,22.94,350.98,15.299912816041848,22.94,175.49,7.649956408020924,22.94
FB230025545,14.98,229.19,15.299732977303071,14.98,114.6,7.650200267022696,14.98
FB230026359,47.517,557.85,11.740008838941852,47.52,422.45,8.889941077441076,47.52
FB230027132,709.5,7165.95,10.1,709.5,3980.3,5.6100070472163495,709.5
FB230027166,2754.67,33146.94,12.032998507988253,2754.67,25252.129999999997,9.167025451324477,2754.67
FB230028145,2820,30215.58,10.714744680851064,2844,19197,6.75,2844
FB230028149,375.166,4314.41,11.500002665486745,355.166,4084.41,11.500002815584825,355.166
FB230028351,345.78999999999996,4412.24,12.759883166083462,345.78999999999996,2573.65,7.4428121113970915,345.78999999999996
FB230028616,314.89,4093.57,13.000000000000002,314.89,3463.79,11,314.89
FB230028619,171.574,2230.46,12.999988343222165,171.574,1887.31,10.999976686444333,171.574
FB230028631,47.846,622,13.000041800777495,47.846,622,13.000041800777495,47.846
FB230029637,1057.7,10458.21,9.88769027134348,1057.7,5933.700000000001,5.610002836343009,1057.7
FB230029671,211.919,2805.81,13.240011513833114,211.919,2123.43,10.020007644430182,211.919
FB230029675,400,6188,15.47,562,4968.08,8.84,562
FB230030088,194.77,2652.77,13.6200133490784,194.77,1990.55,10.220003080556554,194.77
FB230030115,915,13395.6,14.64,915,6569.7,7.18,915
FB230030247,1983.62,18923.73,9.539997580181689,1983.62,14460.59,7.290000100825764,1983.62
FB230030249,1506.72,14466.509999999998,9.60132605925454,1506.72,10983.99,7.290000796431984,1506.72
FB230030395,768.78,7764.68,10.100002601524494,768.78,4312.86,5.610005463201436,768.78
FB230030796,1005.6659999999999,12108.220000000001,12.040001352337656,1005.666,9594.05,9.53999638050804,1005.666
FB230030797,580,8160.5999999999995,14.069999999999999,580,4518.2,7.79,580
FB230030984,13,184.99,14.23,12.476,112.03,8.979640910548252,12.476
FB230031054,964.65,12854.17,13.325216399730472,1929.2999999999997,8181.96,4.240895661638937,1929.2999999999997
FB230031158,32,455.36,14.23,33.016,296.48,8.979888538890236,33.016
FB230032329,1779.21,21109.25,11.864394871881341,1779.21,12376.48,6.956165938815541,1779.21
FB230032331,678.28,7109.1,10.481069764698946,678.28,4944.67,7.290012973993042,678.28
FB230032332,323.92999999999995,3442.1,10.626061186058719,323.92999999999995,2410.04,7.440002469669374,323.92999999999995
FB230033830,1391.25,22399.129999999997,16.100003593890385,1391.25,9738.75,7,1391.25
FB230033849,562.847,6675.37,11.860008137202472,562.847,4429.61,7.870007302162044,562.847
FB230034346,707.7,7147.77,10.1,707.7,3970.2,5.610004239084357,707.7
FB230034482,2360.45,23738.85,10.056917113262301,4720.9,18746.210000000003,3.9708974983583647,4720.9
FB230034517,1245.14,15817.49,12.703382752140321,1245.14,9307.11,7.474749827328654,1245.14
FB230034848,678.44,5427.52,8,NA,NA,NA,NA
FB230034863,4383.188,36230.45999999999,8.265778241772882,4202.608,25215.65,6.000000475894968,4202.608
FB230035078,1805.26,20832.7,11.539999778425269,1500,22575,15.05,1500
FB230035279,217.45000000000002,2350.79,10.81071510692113,217.45,1585.21,7.289997700620833,217.45
FB230035287,2452.84,17277.440000000002,7.0438512092105485,2452.84,9651.92,3.9349977984703446,2452.84
FB230035535,109.55000000000001,1137.07,10.379461433135553,109.55000000000001,815.05,7.439981743496119,109.55000000000001
FB230035542,1095.58,12093.869999999999,11.038783110315997,1095.58,8151.11,7.439995253655598,1095.58
FB230037899,1953.8,18639.25,9.539998976353772,1953.8000000000002,11472.16,5.871716654724127,1953.8000000000002
FB230038654,755.178,9092.34,12.039995868523713,755.178,7204.4,9.540002489479301,755.178
FB230040067,620,6032.6,9.73,620,3906,6.3,620
FB230040804,1592.64,18000.56,11.30234076753064,1592.64,11849.25,7.440005274261603,1592.64
FB230040814,564.1700000000001,6183.79,10.960862860485314,564.1700000000001,4231.280000000001,7.500008862576883,564.1700000000001
FB230040826,1018.35,11440.02,11.233878332596849,1018.35,7637.63,7.500004909903275,1018.35
FB230041385,1974.6,10751.87,5.44508761268105,1974.6,7977.549999999999,4.040084067659272,1974.6
FB230041564,560.73,7526.95,13.423483673069034,560.73,4476.610000000001,7.983539314821751,560.73
FB230041758,716.95,8632.08,12.04000278959481,716.95,5628.0599999999995,7.850003486993513,716.95
FB230041762,600.4499999999999,6870.88,11.442884503289202,600.4499999999999,4236.87,7.056157881588809,600.4499999999999
FB230043072,3640.9,36458.59,10.013620258727236,3640.9,20659.370000000003,5.6742481254634844,3640.9
FB230043591,1543.9,19344.96,12.529930694993197,1543.9,11691.74,7.572860936589157,1543.9
FB230043592,784.49,10086.51,12.857410546979567,784.49,6074.469999999999,7.7432089637853885,784.49
FB230043612,257.99,3276.47,12.699988371642311,257.99,2118.1,8.21000813985038,257.99
FB230043617,1102.06,14223.25,12.906057746402192,1102.06,8503.529999999999,7.7160317950020865,1102.06
FB230043624,12.08,184.82,15.299668874172184,12.08,92.41,7.649834437086092,12.08
FB230043629,112.67,1394.85,12.379959172805536,112.67,902.49,8.010029289074287,112.67
FB230043635,149.56,1800.6999999999998,12.039983952928589,149.56,1174.0500000000002,7.850026745119017,149.56
FB230043638,27.45,419.99,15.300182149362477,27.45,209.99,7.649908925318762,27.45
FB230043642,643.29,8151.549999999999,12.671656640084565,643.29,4819.969999999999,7.492686035846973,643.29
FB230043653,259.54,3296.16,12.70000770594128,259.54,2130.82,8.209986899899823,259.54
FB230043788,140.09,2143.38,15.30002141480477,140.09,1071.69,7.650010707402385,140.09
FB230045111,164.058,2093.38,12.759999512367578,164.058,1435.51,8.750015238513209,164.058
FB230045481,171.73,2268.31,13.20858324113434,171.73,1296.0400000000002,7.546963256274386,171.73
FB230045486,1422.3300000000002,18416.5,12.948120337755652,1422.3300000000002,10941.3,7.692518613823795,1422.3300000000002
FB230046328,143,1947.66,13.620000000000001,143,1431.43,10.01,143
FB230046336,340.28,5818.79,17.100005877512636,340.28,2518.07,7.399994122487365,340.28
FB230048594,516.3,5994.24,11.609994189424754,516.3,3252.69,6.300000000000001,516.3
FB230049604,455,4904.9,10.78,455,2852.85,6.27,455
FB230050020,39.18,599.45,15.299897907095458,39.18,299.73,7.650076569678408,39.18
FB230050459,1515.9,19548.55,12.895672537766343,1515.9,10208.570000000002,6.73432944125602,1515.9
FB230050466,1681.4199999999998,21588.47,12.839427388754745,1681.4199999999998,11417.800000000001,6.790569875462408,1681.4199999999998
FB230052410,16.41,251.07,15.29981718464351,16.41,125.54,7.650213284582572,16.41
FB230052536,2079.4,23892.31,11.490001923631818,2109.6,14387.470000000001,6.819999051952978,2109.6
FB230052662,597.727,8511.630000000001,14.239995850948679,597.727,6138.66,10.270006206846938,597.727
FB230052666,566.673,7650.09,13.500007941087718,566.676,5406.09,9.540001694089744,566.676
FB230052667,600,8442,14.07,380,2907,7.65,380
FB230052942,860,9270.8,10.78,860,5392.2,6.27,860
FB230053301,2707,25877.010000000002,9.559294421869229,2707,15184.179999999998,5.609227927595123,2707
FB230054231,396.196,4651.34,11.739997375036598,396.196,3961.96,10,396.196
FB230054475,817.119,9767.87,11.954036070633531,817.119,9767.87,11.954036070633531,817.119
FB230054599,2000,29250,14.625,2000,56000,28,2000
FB230054915,118,1248.44,10.58,118,660.8,5.6,118
FB230055143,388.08500000000004,4657.02,12,388,4787.92,12.34,388
FB230055858,154.35,2083.73,13.500032393909946,154.35,2083.73,13.500032393909946,154.35
FB230056136,287.09999999999997,2960.26,10.31090212469523,287.09999999999997,2408.97,8.390700104493208,287.09999999999997
FB230056137,225.39999999999998,2484.59,11.023025732031945,225.39999999999998,1994.58,8.849068322981367,225.39999999999998
FB230056454,382,3820,10,382,2483,6.5,382
FB230056485,454,6265.200000000001,13.800000000000002,454,3087.2000000000003,6.800000000000001,454
FB230056803,426.95000000000005,5371.03,12.579997657805361,426.95000000000005,3897.39,9.128445953858764,426.95000000000005
FB230057027,60.336,965.38,16.000066295412356,60.336,965.38,16.000066295412356,60.336
FB230057028,903.38,10425.01,11.540005313378645,1487,17918.35,12.049999999999999,1487
FB230057046,1067.8,12450.55,11.660001873009927,1067.8,8542.4,8,1067.8
FB230057066,100,1424,14.24,92.8,580,6.25,92.8
FB230057067,88.4,1170.42,13.240045248868778,88.4,799.14,9.040045248868777,88.4
FB230057651,891.52,9339.31,10.475715631730079,891.52,6499.18,7.289999102656139,891.52
FB230058145,274.5,3266.55,11.9,316.7,2524.88,7.972466056204611,316.7
FB230058471,195,1969.5,10.1,195,1093.95,5.61,195
FB230058480,2954,28360.92,9.60085308056872,2954,17436.719999999998,5.902748815165876,2954
FB230058958,65.29,998.94,15.30004594884362,65.29,499.47,7.65002297442181,65.29
FB230058961,58.63,897.04,15.300017056114616,58.63,448.52,7.650008528057308,58.63
FB230059066,870.2,10285.76,11.81999540335555,870.2,6091.4,6.999999999999999,870.2
FB230059587,565,7243.300000000001,12.820000000000002,775,6002.500000000001,7.7451612903225815,775
FB230060046,275.4,3199.75,11.618554829339145,275.3,2762.09,10.033018525245188,275.3
FB230060770,137.7,1781.84,12.94001452432825,137.7,1229.66,8.929992737835876,137.7
FB230061085,1073.512,9052.12,8.432248544962704,1073.512,6612.84,6.160005663653504,1073.512
FB230061132,3125.6380000000004,31084.590000000004,9.945038420955978,3125.6380000000004,18753.829999999998,6.000000639869363,3125.6380000000004
FB230061302,61.36,807.5,13.160039113428944,61.36,605.01,9.860006518904823,61.36
FB230061921,1345.58,7841.23,5.827397850740945,2018.37,5678.629999999999,2.8134732482151437,2018.37
FB230062113,166,2128.12,12.819999999999999,355,3359.79,9.464197183098591,355
FB230062161,1490.65,20952.98,14.056270754368898,1632.83,12672.990000000002,7.761365237042437,1632.83
FB230062234,2409,22981.86,9.540000000000001,2409,13514.49,5.61,2409
FB230062369,293.14599999999996,3921.99,13.3789647479413,143.146,1606.1,11.220013133444176,143.146
FB230062371,107.347,1570.49,14.630031579829899,107.347,983.3,9.16001378706438,107.347
FB230062373,168.027,2352.38,14.000011902848948,168.027,1885.2600000000002,11.21998250281205,168.027
FB230062375,196.10899999999998,2745.5299999999997,14.000020396820135,196.10899999999998,2200.34,11.219984804369,196.10899999999998
FB230062678,23.26,355.88,15.300085984522784,23.26,177.94,7.650042992261392,23.26
FB230063182,1475.2800000000002,17142.74,11.619990781410985,1345.28,9793.79,7.280112690294958,1345.28
FB230063271,858.09,10102.619999999999,11.773380414641819,843.5600000000001,5674.860000000001,6.7272748826402395,843.5600000000001
FB230063301,312.28999999999996,3931.7299999999996,12.589996477632969,418.23,2429.37,5.808693780933935,418.23
FB230063590,3.95,60.44,15.301265822784808,3.95,30.22,7.650632911392404,3.95
FB230063596,587.0500000000001,6915.99,11.780921556937226,587.0500000000001,4177.85,7.116685120517843,587.0500000000001
FB230063626,1374,13186.36,9.597059679767105,1374,7786.54,5.667059679767103,1374
FB230063816,37.29,448.97,12.03995709305444,37.29,292.73,7.850093858943417,37.29
FB230063988,938.1800000000001,9918.48,10.572043744270822,1652.44,6965.040000000001,4.21500326789475,1652.44
FB230063990,110.2,1194.57,10.840018148820326,110.2,803.36,7.290018148820327,110.2
FB230064725,150.89,1741.85,11.54383988335874,150.89,1397.9299999999998,9.26456358936974,150.89
FB230064732,219.79000000000002,2195.07,9.987124072978752,219.76000000000002,1725.9199999999998,7.853658536585365,219.76000000000002
FB230064897,675,6750,10,675,4050,6,675
FB230065996,592.8,7404.07,12.489996626180837,592.8000000000001,4112.03,6.936622807017542,592.8000000000001
FB230066128,399.2,4306.280000000001,10.787274549098198,118.2,937.61,7.932402707275804,118.2
FB230066946,685.009,8220.11,12.000002919669669,684.916,7301.209999999999,10.660007942579817,684.916
FB230067430,55.84,2512.8,45,81.78,531.57,6.500000000000001,81.78
FB230067539,557.85,5939.46,10.647055660123689,557.85,3679.88,6.596540288608049,557.85
FB230067549,69.58,1064.57,15.299942512216154,69.58,532.29,7.650043115837884,69.58
FB230067565,243.37,3131.4700000000003,12.867115914040351,243.37,1920.01,7.889263261700291,243.37
FB230067864,65,825.5,12.7,130,591.5,4.55,130
FB230067869,542.41,6974.58,12.858501871278184,542.41,4199.66,7.74259324127505,542.41
FB230068664,238,2513.28,10.56,238,2208.64,9.28,238
FB230068674,2580.3,25501.42,9.883122117583225,2580.3,15360.84,5.953121730031391,2580.3
FB230068713,474.09999999999997,5702.56,12.02817970892217,476.7,3924.03,8.231655129011958,476.7
FB230068757,549.9,7118.25,12.944626295690126,575.4,5253.79,9.130674313521029,575.4
FB230069124,658.42,7014.0599999999995,10.652865951824063,658.42,4898.64,7.43999270982048,658.42
FB230069125,289.58000000000004,3064.63,10.583016782926997,289.58000000000004,2154.48,7.440016575730367,289.58000000000004
FB230069126,657.44,7177.66,10.91758943781942,657.44,4438.790000000001,6.751627524945243,657.44
FB230069285,340,4821.2,14.18,340,3308.2,9.729999999999999,340
FB230069605,547.7,5850.57,10.68207047653825,547.7,3072.6,5.610005477451159,547.7
FB230070378,7677,70097,9.130780252702879,7677,47857,6.23381529243194,7677
FB230070884,24.26,371.18,15.300082440230831,24.26,185.59,7.6500412201154155,24.26
FB230071269,144.808,2118.54,14.62999281807635,144.808,1658.05,11.449988950886691,144.808
FB230071361,1100.208,14904.84,13.54729287552899,1100.208,10528.970000000001,9.569981312624522,1100.208
FB230071365,1041.92,12652.880000000001,12.143811425061426,1041.92,7405.85,7.107887361793612,1041.92
FB230071608,208.25,2680.95,12.873709483793517,208.25,1610.62,7.73406962785114,208.25
FB230071688,298.3,3747.5299999999997,12.562956754944686,301.5,2380.83,7.896616915422885,301.5
FB230071689,185.5,1725.15,9.3,192,1530.24,7.97,192
FB230071774,249.01,2560.9700000000003,10.284607043893821,498.02,1787.71,3.5896349544195014,498.02
FB230071775,735.21,8257.31,11.231226452306142,735.21,5514.08,7.500006800778008,735.21
FB230071785,680.7,8330.289999999999,12.237828705744084,680.7,4705.11,6.912163948876156,680.7
FB230071788,223.94,1295.45,5.7848084308296865,223.94,945.02,4.219969634723586,223.94
FB230071820,216,2328.48,10.78,216,1354.32,6.27,216
FB230071891,427.59,4661.82,10.902546832245843,427.59,3176.99,7.429991346850955,427.59
FB230072351,499.28999999999996,6475.87,12.970157623825834,499.28999999999996,3834.65,7.680205892367162,499.28999999999996
FB230072364,378.5,4806.95,12.7,378.5,3107.49,8.21001321003963,378.5
FB230072366,336.97,4337.23,12.871264504258537,336.97,2606.62,7.735466065228358,336.97
FB230072373,330.66999999999996,4093.6899999999996,12.379986088849911,330.66999999999996,2648.67,8.01000997973811,330.66999999999996
FB230072377,446.29,5525.07,12.379999551860896,446.29,3574.7799999999997,8.009993501983015,446.29
FB230072908,1997.0000000000002,19812.31,9.921036554832249,1997,11475.51,5.746374561842765,1997
FB230074175,278,3356.88,12.075107913669065,278,3336,12,278
FB230074356,265,2528.1,9.54,265,1486.65,5.61,265
FB230075437,613.1,7295.889999999999,11.899999999999999,312,1956.24,6.2700000000000005,312
FB230075443,362.14,4225.87,11.669161097917932,390.14,2821.32,7.2315579022914855,390.14
FB230075682,1246.298,30913.730000000003,24.80444484384955,NA,NA,NA,NA
FB230075859,818,7987.4000000000005,9.764547677261614,818,4772.66,5.834547677261614,818
FB230076279,319.63,3237.85,10.129994055626819,319.63,2378.05,7.4400087601289,319.63
FB230077318,550,5247,9.54,550,3085.5,5.61,550
FB240000837,1555.98,20443.57,13.138710009126081,1555.98,10722.72,6.891296803300813,1555.98
FB240000843,751.6300000000001,9961.69,13.253449170469512,233.55,1898.76,8.12999357739242,233.55
FB240001057,114.166,1552.66,13.600021022020568,114.166,1045.76,9.159995094861868,114.166
FB240001059,474,6446.4,13.6,474,4341.84,9.16,474
FB240001061,496.68,6764.78,13.61999677860997,500,5040,10.08,500
FB240001224,1879.317,27463.729999999996,14.613676138724864,854.26,6535.09,7.650001170603797,854.26
FB240001225,1455,16447.2,11.303917525773196,NA,NA,NA,NA
FB240001226,1352.8490000000002,17193.4,12.709031089205077,793.862,6073.04,7.649994583441455,793.862
FB240003619,39.33,613.55,15.600050851767099,39.33,306.77,7.799898296465802,39.33
FB240004149,485,6659.05,13.73,485,2774.2,5.72,485
FB240004275,1274.1399999999999,13415.75,10.529258951135668,1772.8799999999999,9978.35,5.628327918415234,1772.8799999999999
FB240004557,671.139,11677.82,17.40000208600603,671.139,4697.97,6.999995529987082,671.139
FB240004589,270.32,2630.21,9.729986682450429,270.32,2011.18,7.43999704054454,270.32
FB240004593,987.51,10868.61,11.006075887839112,987.51,7406.33,7.500005063239866,987.51
FB240004597,592.0699999999999,6259.12,10.571587819007888,592.0699999999999,4405,7.439998648808419,592.0699999999999
FB240004598,955.57,10403.1,10.886800548363803,955.57,6471.57,6.77247088125412,955.57
FB240004684,571.77,7534.83,13.178078598037672,571.77,4643.87,8.121919653007328,571.77
FB240004691,747.9200000000001,9603.560000000001,12.840357257460692,747.9200000000001,5798.43,7.752740934859343,747.9200000000001
FB240004693,363.40999999999997,4750.8,13.072837841556371,363.40999999999997,2938.96,8.087174265980574,363.40999999999997
FB240004697,619.79,8141.75,13.136304232078608,619.79,5059.78,8.163700608270544,619.79
FB240005957,504.7,5884.8,11.659996037249853,504.7,3255.32,6.450009906875372,504.7
FB240008804,180,1828.77,10.159833333333333,180,1313.96,7.299777777777778,180
FB240008843,785.52,3010.0899999999997,3.8319711783277315,785.52,2340.85,2.9800005092168247,785.52
FB240008877,959.36,9334.57,9.729997081387591,959.36,7137.64,7.440001667778519,959.36
FB240008951,1669,24434.16,14.64,1669,11983.42,7.18,1669
FB240009219,250.07,3280.08,13.116647338745151,250.07,2011.4099999999999,8.043387851401608,250.07
FB240009289,1752.9399999999996,13367.54,7.625782970324144,876.47,5024.0199999999995,5.732107202756511,876.47
FB240009822,561.6700000000001,6627.71,11.800007121619455,561.6700000000001,4212.530000000001,7.50000890202432,561.6700000000001
FB240010037,502.90999999999997,6577.889999999999,13.079656399753434,502.90999999999997,4020.7,7.994869857429759,502.90999999999997
FB240010052,746.27,10185.58,13.648652632425263,746.27,6388.87,8.561070390073297,746.27
FB240010630,1322.3400000000001,16688.27,12.620256514965893,1319.9,19864.5,15.05000378816577,1319.9
FB240011200,118.091,1362.77,11.539998814473584,NA,NA,NA,NA
FB240011249,88.45,884.5,10,88.45,619.15,6.999999999999999,88.45
FB240012268,452.82,4754.610000000001,10.500000000000002,452.82,3396.15,7.5,452.82
FB240012302,2112.6,11334.099999999999,5.365000473350373,1056.3,7256.78,6.869999053299252,1056.3
FB240012303,381.05,3775.16,9.907256265581944,381.05,2685.36,7.047264138564493,381.05
FB240012306,206.8,2025.6299999999999,9.795116054158607,206.8,1434.18,6.935106382978724,206.8
FB240012307,282.46,1562.82,5.532889612688522,282.46,1129.85,4.000035403242937,282.46
FB240012309,1607.3899999999999,15816.95,9.840144582210915,3214.7799999999997,12827.210000000001,3.9900739708471504,3214.7799999999997
FB240012311,718.48,6990.81,9.729999443269124,718.48,5345.49,7.439998329807371,718.48
FB240012313,81.51,856.76,10.511102932155563,81.51,606.44,7.440068703226598,81.51
FB240012323,1088.34,11533,10.59687230093537,1088.3400000000001,7772.93,7.142005255710531,1088.3400000000001
FB240012626,1741.8899999999999,16948.59,9.73000017222672,1741.8899999999999,12959.66,7.439999081457498,1741.8899999999999
FB240013230,12.79,199.52,15.599687255668492,12.79,99.76,7.799843627834246,12.79
FB240015580,235,3290,14,235,1473.45,6.2700000000000005,235
FB240015581,827,10961,13.253929866989118,827,6567.280000000001,7.9410882708585255,827
FB240016902,856.63,10017.35,11.693905186603319,856.63,6364.76,7.429998949371374,856.63
FB240017174,60.21,745.4,12.380003321707356,60.21,482.28,8.009965122072744,60.21
FB240017190,706.0699999999999,9357.03,13.252269604996673,706.0699999999999,5575.87,7.89704986757687,706.0699999999999
FB240017333,1049.68,9614.269999999999,9.159239006173308,610.47,4543.73,7.443002932167018,610.47
FB240018118,4180.503,60519.630000000005,14.476638337539766,2000.206,15193.61,7.596022609671205,2000.206
FB240018119,10061,92482.20000000001,9.19214789782328,10271,59659.119999999995,5.808501606464803,10271
FB240019115,143.3,1791.25,12.499999999999998,143.3,1074.75,7.499999999999999,143.3
FB240021688,281,2925.21,10.41,NA,NA,NA,NA
FB240021702,751.3,7513,10,751.3,4883.45,6.5,751.3
FB240021703,209.1,2300.1,11,209.1,1568.25,7.5,209.1
FB240021755,1445.6,14889.68,10.3,1445.6,8672.86,5.999488101826232,1445.6
FB240021770,32,414.08,12.94,32,285.76,8.93,32
FB240021771,32.3,414.09,12.820123839009288,NA,NA,NA,NA
FB240021971,285.357,3833,13.432297087507928,273.357,2460.21,8.999989025340488,273.357
FB240022836,239,3226.5,13.5,239,2629,11,239
FB240022847,72.4,951.34,13.140055248618784,72.4,951.34,13.140055248618784,72.4
FB240022854,182,2457,13.5,182,2184,12,182
FB240022875,708.64,9084.76,12.819993226461955,508.64,3418.06,6.719998427178358,508.64
FB240023506,500,4500,9,500,3000,6,500
FB240023525,938,9637.6,10.274626865671642,938,5909.4,6.3,938
FB240024008,600.43,7649.24,12.73960328431291,600.4300000000001,4948.51,8.24161017937145,600.4300000000001
FB240024194,545.5,7058.77,12.940000000000001,545.5,5416.82,9.930009165902842,545.5
FB240024195,724,8557.68,11.82,NA,NA,NA,NA
FB240024198,445.5,4544.1,10.200000000000001,445.5,3029.4,6.8,445.5
FB240024199,626.5,6390.3,10.200000000000001,626.5,3946.95,6.3,626.5
FB240024218,996,9642,9.680722891566266,996,5976,6,996
FB240024241,480,8520,17.75,69,483,7,69
FB240024265,262.1,2550.23,9.729988553987027,262.1,1499.21,5.719992369324685,262.1
FB240024269,218.4,3157.6,14.457875457875456,118.4,1175.71,9.929983108108107,118.4
FB240024529,707.94,3988.4600000000005,5.633895527869594,707.94,2810.53,3.9700115829025058,707.94
FB240024531,717.0699999999999,7191.4,10.028867474584072,717.0699999999999,5140.58,7.16886775349687,717.0699999999999
FB240024557,261.95,3242.94,12.379996182477573,261.95,2622.12,10.010001908761215,261.95
FB240024560,529.426,7861.98,14.850007366468589,529.426,5924.28,11.190005779844585,529.426
FB240024561,994.222,14152.66,14.234909305969895,994.222,7605.8,7.650001709879685,994.222
FB240024580,370,3600.1,9.73,370,2116.4,5.720000000000001,370
FB240024581,704.8,9360.43,13.280973325766176,704.8,5639.87,8.002085698070374,704.8
FB240024591,1156,11247.88,9.729999999999999,1156,6612.32,5.72,1156
FB240024595,327,3368.1,10.299999999999999,327,1870.44,5.72,327
FB240024596,218,2121.14,9.729999999999999,218,1246.96,5.72,218
FB240024677,1653,16083.69,9.73,1653,9455.16,5.72,1653
FB240024682,500,3125,6.25,100.18,905.63,9.040027949690556,100.18
FB240024683,500,7120,14.24,NA,NA,NA,NA
FB240024706,368,5152,14,368,2576,7,368
FB240024730,718,6986.139999999999,9.729999999999999,718,4106.96,5.72,718
FB240024752,495,5270.35,10.647171717171718,495,2831.4,5.72,495
FB240024762,434,4222.82,9.729999999999999,434,2734.2,6.3,434
FB240024763,800,7624,9.53,800,4480,5.6,800
FB240025058,1355,14881.62,10.982745387453875,1355,7716.820000000001,5.695070110701107,1355
FB240025119,600.22,6350.33,10.58000399853387,600.22,4189.54,6.98000733064543,600.22
FB240026459,1815.58,87147.84,48,NA,NA,NA,NA
FB240026620,1101.75,10720.03,9.730002269117314,2203.5,9298.77,4.220000000000001,2203.5
FB240026621,138.96,1352.08,9.72999424294761,138.96,1033.8600000000001,7.439982728842833,138.96
FB240026794,1440.363,17413.86,12.089910668352353,555,4995,9,555
FB240026800,1240.6399999999999,12745.630000000001,10.273431454733043,1240.6399999999999,7674.52,6.185936290946609,1240.6399999999999
FB240026830,2314.5,13540.86,5.850447180816591,2314.5,9258.01,4.0000043205876,2314.5
FB240026842,594.26,6605.26,11.115101134183691,594.26,4456.95,7.5,594.26
FB240027639,676.5999999999999,8032.379999999999,11.871681939107301,676.5999999999999,5069.5,7.492610109370382,676.5999999999999
FB240029105,1043.9,10903.26,10.444736085831975,1043.9,6350.219999999999,6.083168885908611,1043.9
FB240030004,585.76,6916.889999999999,11.808402758809068,585.76,4175.75,7.128772876263316,585.76
FB240030014,1171.8,18045.72,15.400000000000002,1171.8,10077.480000000001,8.600000000000001,1171.8
FB240031614,800.9000000000001,8249.27,10.299999999999999,800.9000000000001,4581.1500000000005,5.72000249719066,800.9000000000001
FB240034941,296.5,3053.95,10.299999999999999,296.5,1695.98,5.72,296.5
FB240035540,469.71000000000004,6210.99,13.223031232036787,469.71000000000004,3793.83,8.076962381043622,469.71000000000004
FB240035546,681.9,6478.05,9.5,681.9,3818.64,5.6,681.9
FB240035558,177.3,1748.05,9.859278059785673,177.3,1080.38,6.093513818386915,177.3
FB240035721,84,1196.16,14.24,84,759.36,9.040000000000001,84
FB240035722,151.7,2160.21,14.240013183915623,151.7,1061.9,7.000000000000001,151.7
FB240036025,433.84000000000003,5646.08,13.01419878296146,433.84000000000003,3435.92,7.919786096256684,433.84000000000003
FB240036028,758.79,9944.83,13.10616903227507,758.79,6217.4,8.193834921388,758.79
FB240036030,1054.94,13838.369999999999,13.117684418071168,1054.94,8484.16,8.042315202760346,1054.94
FB240036034,219.34,3377.83,15.399972645208353,219.34,1886.33,8.600027354791647,219.34
FB240036036,442.42,5780.219999999999,13.065006102798245,442.42,3540.76,8.003164413905338,442.42
FB240036037,691.63,9872.8,14.2746844411029,691.63,5882.139999999999,8.504749649379002,691.63
FB240036111,579.27,6962.609999999999,12.019628152674917,579.27,4427.4800000000005,7.6432061042346415,579.27
FB240036116,450,2475,5.5,NA,NA,NA,NA
FB240036287,363.7,4909.95,13.5,363.7,2545.9,7.000000000000001,363.7
FB240037590,198,2336,11.797979797979798,200.6,1915.28,9.547756729810569,200.6
FB240038368,1565.96,8715.42,5.565544458351426,782.98,5655.66,7.223249636006028,782.98
FB240038424,166.36,1618.68,9.729983169031017,166.36,1237.72,7.440009617696561,166.36
FB240038603,19.93,246.73,12.379829402910186,19.93,159.64,8.010035122930255,19.93
FB240038831,2765,30691.5,11.1,2765,14516.25,5.25,2765
FB240038915,557.77,5729.65,10.272424117467773,557.77,3450.67,6.186546425946179,557.77
FB240039146,176.58,2594.04,14.690451919809716,207.66899999999998,2078.7599999999998,10.00996778527368,207.66899999999998
FB240039185,64.353,876.49,13.62003325408295,64.353,720.11,11.189998912249624,64.353
FB240039695,759.83,7772.299999999999,10.228998591790267,759.83,4652.139999999999,6.122606372478053,759.83
FB240039853,475.67,4902.9400000000005,10.307440031954927,475.67,2932.76,6.165534929678138,475.67
FB240039989,277.8,3333.6,12,277.8,2437.0499999999997,8.77267818574514,277.8
FB240040057,5874.41,59180.51,10.074290013805642,5874.41,30244.87,5.148580027611284,5874.41
FB240040202,772.691,11049.48,14.299998317568082,772.691,11049.48,14.299998317568082,772.691
FB240040542,380.2,4942.6,13.000000000000002,380.2,2585.36,6.800000000000001,380.2
FB240041251,359.46000000000004,4721.82,13.135870472375228,533.5500000000001,3036.4700000000003,5.691069253115922,533.5500000000001
FB240041252,317.15999999999997,4146,13.072266363980326,448.34999999999997,2668.16,5.951065016170403,448.34999999999997
FB240041253,602.89,7877.01,13.065418235499013,847.68,5069.67,5.9806412797282,847.68
FB240041255,304.13,4002.35,13.159997369545918,304.13,2089.37,6.869989806990431,304.13
FB240041257,2083.2599999999998,14485.67,6.95336635849582,2083.2599999999998,8540.6,4.099632307057209,2083.2599999999998
FB240041319,1282.3920000000003,15659.650000000001,12.211281729767496,1282.392,12798.580000000002,9.980240051403939,1282.392
FB240041364,1293.37,12597.35,9.739942939762019,1293.37,8898.31,6.879941548048896,1293.37
FB240041432,980,12779.2,13.040000000000001,980,7497,7.65,980
FB240041436,1680,28694.4,17.080000000000002,1680,11524.8,6.859999999999999,1680
FB240041463,1205.2,15901.689999999999,13.194233322270161,1205.2,9557.16,7.929936939926983,1205.2
FB240041464,636.6,3524.2299999999996,5.536019478479421,318.3,2295.59,7.212032673578386,318.3
FB240042758,930.88,9487.61,10.192087057408045,930.88,5720.02,6.144744757648677,930.88
FB240042759,687.17,6837.34,9.949997817134044,687.17,4322.3,6.290001018670781,687.17
FB240043403,727.6099999999999,7382.05,10.145613721636593,727.6099999999999,5301.09,7.285620043704733,727.6099999999999
FB240043481,807.1800000000001,4361.179999999999,5.402983225550681,807.1800000000001,2690.51,3.3332218340394957,807.1800000000001
FB240044256,8.58,133.85,15.6002331002331,8.58,66.92,7.799533799533799,8.58
FB240044730,1748.5,16610.75,9.5,1748.5,9791.6,5.6000000000000005,1748.5
FB240044784,627.6600000000001,8175.57,13.025475575948759,627.6600000000001,5105.719999999999,8.134531434215974,627.6600000000001
FB240044788,1245.96,16540.73,13.275490384924074,1245.96,9684.83,7.772986291694757,1245.96
FB240044791,689.46,9050.86,13.12746207176631,689.46,5634.63,8.17252632494996,689.46
FB240044858,126.33,1304.17,10.323517770917439,126.33,867.89,6.8700229557508115,126.33
FB240044860,1170.11,15558.27,13.29641657621933,1170.11,9211.15,7.872037671671895,1170.11
FB240045743,1722,15498,9,1722,8610,5,1722
FB240046335,539,7607,14.113172541743971,139,1826.4599999999998,13.139999999999999,139
FB240047436,623,6336.11,10.170321027287319,623,4541.67,7.29,623
FB240047851,490,3675,7.5,490,3430,7,490
FB240048671,3.63,56.63,15.60055096418733,3.63,28.31,7.798898071625344,3.63
FB240048904,536.952,6980.38,13.000007449455445,536.952,4295.62,8.000007449455445,536.952
FB240049171,3138.26,30064.579999999998,9.580015677477327,4846.530000000001,22722.670000000002,4.688441008309037,4846.530000000001
FB240049259,1684.38,16389.02,9.730001543594675,3368.76,14216.17,4.220000831166364,3368.76
FB240049728,1196.57,16911.47,14.13328931863577,1213.57,9004.69,7.4200004944090585,1213.57
FB240049959,169.5,2244.18,13.239999999999998,169.5,1532.28,9.04,169.5
FB240050541,88.847,1155.01,12.999988744695939,88.847,710.78,8.000045021216248,88.847
FB240051618,25.86,403.42,15.60015467904099,25.86,201.71,7.800077339520495,25.86
FB240052829,504.06,4948.92,9.818116890846328,504.06,3750.21,7.440007142006904,504.06
FB240053152,3593.846,29030.61,8.077866998196361,3593.846,18528.92,5.155735665913341,3593.846
FB240053872,1990.09,19662.09,9.88000040199187,1990.0900000000001,14117.849999999999,7.094076147309919,1990.0900000000001
FB240054464,1000,12879,12.879,946.332,16087.64,16.999995773153607,946.332
FB240054469,204,3060,15,204,2652,13,204
FB240054758,1170.008,11115.08,9.500003418780041,1170.44,6554.47,5.600005126277297,1170.44
FB240055164,582,6673,11.465635738831615,582,3933.5,6.758591065292096,582
FB240055165,127.877,1982.09,15.499972629949092,127.877,1406.65,11.000023460043638,127.877
FB240055773,178.9,2050.3,11.460592509782002,180.4,1885.5700000000002,10.452161862527717,180.4
FB240055803,173.4,2459.61,14.184602076124568,173.4,1964.68,11.33033448673587,173.4
FB240056007,177.1,1416.8,8,177.1,1239.7,7.000000000000001,177.1
FB240056153,1214,11455.97,9.43654859967051,1214,8306.58,6.842322899505766,1214
FB240056270,654.318,7851.82,12.000006113235461,654.318,5005.53,7.649995873566064,654.318
FB240056762,752,8049.92,10.70468085106383,850,6276.5999999999995,7.384235294117646,850
FB240056766,2013,16871.5,8.38127173373075,2279,14394.5,6.316147433084686,2279
FB240057175,2326.557,22986.38,9.879998641769793,2326.557,16686.079999999998,7.172005671900581,2326.557
FB240057292,774.906,9565.24,12.343742337780325,NA,NA,NA,NA
FB240057304,667.635,8238.609999999999,12.339991162835979,608,7654.72,12.59,608
FB240057321,318.831,3934.38,12.340017125059985,318.831,4014.08,12.58999281751147,318.831
FB240057331,1143.703,10251.09,8.963069957847448,1143.703,7045.21,6.159999580310623,1143.703
FB240057882,1469,14678.689999999999,9.992300884955752,1469,8679.92,5.908727025187202,1469
FB240058243,832,7885.6,9.477884615384616,836,5964.88,7.135023923444976,836
FB240059564,107.94,1432.49,13.271169168056328,107.94,866.6300000000001,8.028812303131371,107.94
FB240059602,1810.67,18299.67,10.106573809694753,1893.732,13369.29,7.0597581917610315,1893.732
FB240059818,2198.15,26765.940000000002,12.176575756886473,2198.15,19686.39,8.955890180378955,2198.15
FB240060969,195.857,2867.35,14.640017972296114,195.857,2195.56,11.210015470470802,195.857
FB240061028,961.7,9919.36,10.31440158053447,961.7,5925.389999999999,6.1613704897577195,961.7
FB240061429,2988.517,25008.29,8.368127067706157,3078.689,18789.760000000002,6.103169238594741,3078.689
FB240061534,1264,12039.369999999999,9.524818037974683,1254,8142.98,6.493604465709729,1254
FB240061673,16.044,198.14,12.349788082772374,NA,NA,NA,NA
FB240061706,452.502,4352.91,9.619648089953193,1157.672,13520.119999999999,11.678713832588159,1157.672
FB240062284,380,3697.3999999999996,9.729999999999999,380,2394,6.3,380
FB240063008,27,324,12,27,270,10,27
FB240063993,3053,27477,9,3053,18318,6,3053
FB240064123,1734,48552,28,NA,NA,NA,NA
FB240064178,1784.318,17361.41,9.729997679785779,1784.318,11042.37,6.188566163654685,1784.318
FB240064524,1160.05,13981.77,12.052730485754925,1110.05,8597.15,7.744831313904779,1110.05
FB240064525,313,3443,11,313,2191,7,313
FB240064815,230.6,2779.79,12.054596704249784,230.6,2306,10,230.6
FB240065224,355,4948.7,13.94,355,3525.15,9.93,355
FB240065904,715.2370000000001,10728.56,15.000006990689798,715.2370000000001,5885.36,8.228545223471379,715.2370000000001
FB240066094,9.59,149.6,15.599582898852972,9.59,74.8,7.799791449426486,9.59
FB240066521,129.12,1678.56,13,204.9,1639.2,8,204.9
FB240067130,540.3,5451.63,10.090005552470851,540.3,3025.68,5.6000000000000005,540.3
FB240067132,1202.6,12134.23,10.089996673873275,1202.6,6734.56,5.6000000000000005,1202.6
FB240067133,1128.1,11382.53,10.090000886446239,1128.1,6960.379999999999,6.170002659338711,1128.1
FB240067187,146.88,2150.32,14.639978213507627,146.88,1646.52,11.209967320261438,146.88
FB240067193,498.559,7293.92,14.630003670578606,498.559,5588.85,11.210007240868181,498.559
FB240067197,259.701,3944.86,15.190006969553448,259.701,2911.25,11.210006892541807,259.701
FB240067198,175.957,2676.31,15.21002290332297,175.957,1972.48,11.210011536909587,175.957
FB240067200,380.273,5567.2,14.64000862538229,380.273,4262.86,11.20999913220239,380.273
FB240067203,226.175,3075.98,13.6,291.58,3268.61,11.209993826737088,291.58
FB240067207,102.132,1551.39,15.19004817295265,102.132,1144.9,11.21000274155015,102.132
FB240067209,85.357,1296.57,15.189966845132794,85.357,956.85,11.209976920463465,85.357
FB240067515,180,2340,13,NA,NA,NA,NA
FB240067747,101.115,1480.32,14.639964396973744,101.115,1133.5,11.21000840627009,101.115
FB240068104,659.7,8457.35,12.819993936637866,711,4763.7,6.7,711
FB240068470,1574.62,17045.379999999997,10.825075256252301,747.83,747.83,1,747.83
FB240068618,281.45,3343.4,11.879197015455677,175.031,1356.49,7.749998571681588,175.031
FB240070026,449.76,4608.5,10.246575951618642,449.76,2748.96,6.1120597652081115,449.76
FB240070027,805.26,10198.68,12.665077117949483,805.26,6618.18,8.218687132106401,805.26
FB240070028,118.99,1503.19,12.632910328599042,118.99,993.0799999999999,8.345911421127825,118.99
FB240070029,1174.54,12985.71,11.055996390076114,1174.54,8726.83,7.429998126926286,1174.54
FB240070030,397.65999999999997,4446.08,11.1806065483076,397.65999999999997,2954.61,7.4299904440979745,397.65999999999997
FB240070033,553.4499999999999,5613.21,10.142217002439246,553.4499999999999,3417.37,6.1746679916885,553.4499999999999
FB240070034,938.1999999999999,10502.78,11.194606693668728,938.1999999999999,6970.83,7.430004263483267,938.1999999999999
FB240070405,1447.55,22292.27,15.4,1447.55,12448.93,8.6,1447.55
FB240070440,2898,26082,9,2898,14490,5,2898
FB240070443,591,5840,9.88155668358714,591,3165,5.355329949238579,591
FB240070541,179.45,2268.25,12.640011145165785,179.45,1528.91,8.519977709668431,179.45
FB240070585,222.11,2221.1,9.999999999999998,444.22,1521.46,3.4250146323893564,444.22
FB240070829,1568.7,17077.95,10.88668961560528,1601.5,8968.400000000001,5.6000000000000005,1601.5
FB240073200,188.48,2423.88,12.860144312393889,188.48,1679.1999999999998,8.909168081494057,188.48
FB240073625,628.8,7593,12.075381679389315,636.2,4453.4,6.999999999999999,636.2
FB240073850,208.85,2296.3900000000003,10.99540339956907,208.85,1551.7600000000002,7.430021546564522,208.85
FB240073854,1043.44,5465.6,5.238058728820056,NA,NA,NA,NA
FB240074530,31.886,466.81,14.639967383804805,31.886,357.44,11.209935394844132,31.886
FB240075316,1454.426,11847.259999999998,8.145660212344938,1454.4260000000002,9497.12,6.5298062603391305,1454.4260000000002
FB240076970,1270.8,12729.15,10.016643059490086,1270.8,7466.639999999999,5.875542965061379,1270.8
FB240077919,965.1,9168.45,9.5,965.1,5404.56,5.6000000000000005,965.1
FB240079083,649.4,4464.16,6.8742839544194645,649.4,2691.15,4.144056051740068,649.4
FB240079097,417.52,5381.83,12.889993293734433,417.52,2809.91,6.730000958037938,417.52
FB240079098,378.14,4871.81,12.883614534299467,378.14,2547.3,6.736393928174751,378.14
FB240081953,23.116,285.48,12.349887523793045,23.116,246.19,10.650198996366154,23.116
FB240082393,13.91,145.36,10.45003594536305,13.91,103.35,7.429906542056075,13.91
FB240082396,882.3800000000001,9061.279999999999,10.269135746503771,882.3800000000001,5381.21,6.098517645458872,882.3800000000001
FB240082397,602.77,6637.74,11.012060985118701,602.77,4478.58,7.429998175091661,602.77
FB250000551,1985,19314.05,9.73,1985,11354.2,5.720000000000001,1985
FB250001288,632,8216,13,632,4145.75,6.5597310126582276,632
FB250001295,168.66,2276.91,13.5,169,1588.6,9.399999999999999,169
FB250001297,1072,10814,10.087686567164178,1072,7504,7,1072
FB250001303,420,4527.6,10.780000000000001,420,2305.8,5.49,420
FB250001422,661,8593,13,NA,NA,NA,NA
FB250002000,178.56,2257,12.640008960573477,178.56,1451.69,8.129984318996415,178.56
FB250003167,71.4,664.73,9.309943977591036,71.4,391.99,5.490056022408964,71.4
FB250003170,792.4000000000001,7377.24,9.30999495204442,792.4000000000001,4350.280000000001,5.490005047955578,792.4000000000001
FB250003177,796.5,7590.65,9.530006277463904,796.5,5177.25,6.5,796.5
FB250003407,1822,18494.78,10.150812294182217,1691,12090.65,7.1499999999999995,1691
FB250003422,245.9,2704.9,11,245.9,1598.35,6.499999999999999,245.9
FB250003593,249.963,3374.5,13.499997999703956,249.963,2449.64,9.800010401539428,249.963
FB250006586,729.37,9664.720000000001,13.25077806874426,729.37,5768.75,7.909223028092738,729.37
FB250006587,816.85,10890.32,13.332092795494889,816.85,6323.379999999999,7.741176470588234,816.85
FB250006599,1212.7200000000003,13037.66,10.75075862523913,497.28,3625.18,7.290017696267697,497.28
FB250006601,235.03,3424.39,14.57001233885036,235.03,1713.37,7.290005531208782,235.03
FB250007713,563.7,7328.1,13,563.7,4115.01,7.3,563.7
FB250009400,298.761,4293.2,14.370014827905916,298.761,2862.13,9.579998728080305,298.761
FB250010159,9.92,154.75,15.599798387096774,9.92,77.38,7.800403225806451,9.92
FB250010232,684.02,8814.27,12.885982865998072,684.02,4606.2,6.734013625332593,684.02
FB250010809,262,5109,19.5,NA,NA,NA,NA
FB250011022,1041,11555.94,11.100806916426514,1041,5879.32,5.64776176753122,1041
FB250011461,597,7874.43,13.190000000000001,597,4268.55,7.15,597
FB250012391,456.87,4864.2699999999995,10.646945520607611,NA,NA,NA,NA
FB250014842,392.3,5178.36,13.2,392.3,2275.34,5.8,392.3
FB250015010,783.31,7879.33,10.059018779282788,783.31,5710.33,7.290000127663378,783.31
FB250015011,725.98,9206.369999999999,12.681299760323974,725.98,5919.97,8.154453290724263,725.98
FB250015015,487.2,4867.84,9.991461412151068,487.2,2770.0200000000004,5.685591133004928,487.2
FB250015016,1960.62,16070.35,8.196565372178188,4425.700000000001,14468.19,3.2691303070700677,4425.700000000001
FB250015024,1670.2199999999998,16346.38,9.786962196596857,1670.22,9820.400000000001,5.879704470069812,1670.22
FB250015131,676.46,7194.1,10.634922981403188,NA,NA,NA,NA
FB250016331,7.14,111.38,15.599439775910364,7.14,55.69,7.799719887955182,7.14
FB250016333,1.04,16.22,15.596153846153845,1.04,8.11,7.7980769230769225,1.04
FB250016338,17.94,279.86,15.599777034559644,17.94,139.93,7.799888517279822,17.94
FB250016517,488.61,4781.14,9.785186549599885,488.61,2855.35,5.843822271341151,488.61
FB250016665,1668.08,17503.58,10.493249724233852,1668.08,11867.54,7.1144909117068735,1668.08
FB250017064,29.21,455.68,15.600136939404313,29.21,227.84,7.800068469702157,29.21
FB250018134,1268.64,13712.28,10.808645478622777,1268.64,7151.0199999999995,5.636760625551771,1268.64
FB250018230,39.41,614.8,15.600101497081958,39.41,307.4,7.800050748540979,39.41
FB250021751,546.7,7927.15,14.499999999999998,NA,NA,NA,NA
FB250022641,282.482,2824.82,10,282.482,3107.3,10.99999291990286,282.482
FB250022856,82.5,742.5,9,82.5,495,6,82.5
FB250022953,290.5,4212.25,14.5,290.5,3486,12,290.5
FB250022957,579,5790,10,579,3474,6,579
FB250022984,70.1,911.3,13,55.1,606.1,11,55.1
FB250022988,627,6537,10.425837320574162,627,4075.5,6.5,627
FB250022992,80,862.4,10.78,80,501.6,6.2700000000000005,80
FB250022993,385,5582.5,14.5,385,4620,12,385
FB250023027,657,7042,10.71841704718417,657,4270.5,6.5,657
FB250023434,191,2578.5,13.5,242,2126.9,8.788842975206611,242
FB250023574,1271,12074.5,9.5,1271,8261.5,6.5,1271
FB250023935,707.5,10258.75,14.5,707.5,7782.5,11,707.5
FB250024475,302.527,4075.81,13.472549557560152,242.527,2582.91,10.649989485706746,242.527
FB250025050,792,5801.4,7.324999999999999,396,4356,11,396
FB250027983,474.19,6227.23,13.132352010797359,474.19,3806.63,8.027647145658914,474.19
FB250027984,757.55,4359.79,5.755118474028118,499.77,2605.77,5.213938411669368,499.77
FB250028491,1464.3600000000001,14669.02,10.017359119342238,1464.36,10517.04,7.1820044251413595,1464.36
FB250029003,864.227,12099.18,14.000002314206801,NA,NA,NA,NA
FB250029280,642.546,7710.56,12.000012450470471,642.546,5782.91,8.999993774764762,642.546
FB250029614,62.49,653.02,10.449991998719794,62.49,464.3,7.429988798207713,62.49
FB250030040,1.83,28.55,15.601092896174864,1.83,14.27,7.797814207650273,1.83
FB250032373,581.69,5992.83,10.302446320204918,581.69,4212.9800000000005,7.24265502243463,581.69
FB250033716,424.455,6366.83,15.000011779811759,425.535,7234.1,17.000011749914812,425.535
FB250034140,167.06,1387.15,8.303304202083085,167.06,1009.0400000000001,6.039985633903987,167.06
FB250035476,1054,10106.74,9.588937381404174,1054,6312.96,5.989525616698292,1054
FB250035703,465.626,6285.95,13.499997852353607,465.626,6285.95,13.499997852353607,465.626
FB250036215,2258.96,13164.66,5.827752594114106,2770.73,4931.96,1.7800218714923504,2770.73
FB250036216,1031.18,5571.579999999999,5.403110999049631,1546.77,3648.4699999999993,2.3587669789302868,1546.77
FB250036293,247.01,2476.7200000000003,10.026800534391322,NA,NA,NA,NA
FB250036298,454.49,4652.18,10.236044797465292,454.49,2780.7400000000002,6.118374441681886,454.49
FB250036331,609.3299999999999,6787.46,11.139218485877933,609.3299999999999,4527.33,7.430013293289352,609.3299999999999
FB250036373,419.96000000000004,2770.69,6.597509286598723,629.94,1910.8400000000001,3.0333682572943457,629.94
FB250036632,1285,12470.5,9.704669260700388,1285,8995,7,1285
FB250037947,277,2825.4,10.200000000000001,277,1883.6,6.8,277
FB250041043,1134,12412,10.945326278659612,1134,7938,7,1134
FB250041294,351.321,5094.15,14.499987191201207,351.321,3161.89,9.000002846399731,351.321
FB250043797,847,8639.4,10.2,847,5759.6,6.800000000000001,847
FB250044482,478.82,6703.48,14,478.82,6224.66,13,478.82
FB250044722,295.3,3248.3,11,295.3,2214.75,7.5,295.3
FB250047190,155,1135.38,7.325032258064517,77.5,775,10,77.5
FB250047192,600,5556,9.26,600,3600,6,600
FB250047584,1048.82,11379.55,10.849859842489655,1048.82,11379.55,10.849859842489655,1048.82
FB250047741,2640,27889,10.564015151515152,2640,17160,6.5,2640
FB250047885,446,4014,9,446,2676,6,446
FB250048216,434.32,2367.04,5.449990790200774,NA,NA,NA,NA
FB250048217,387.52,4089.54,10.553106936416185,NA,NA,NA,NA
FB250049618,106.767,1441.35,13.499957852145325,56.767,766.35,13.499920728592315,56.767
FB250050252,612.0849999999999,8177.469999999999,13.360023526144245,607.4290000000001,3860.94,6.3561996546098385,607.4290000000001
FB250050570,1545.96,17858.190000000002,11.551521384770629,1545.96,11486.48,7.429998188827653,1545.96
FB250050755,1467,13936.5,9.5,1467,10269,7,1467
FB250051719,695,6255,9,695,4170,6,695
FB250051971,441.43,4543.09,10.291756337358132,NA,NA,NA,NA
FB250052764,505,5656,11.2,505,3181.5,6.3,505
FB250053479,468.323,4493.23,9.594297098370141,468.323,5830.83,12.450445525844342,468.323
FB250053861,2424,26155,10.790016501650165,2424,15756,6.5,2424
FB250053996,1938.5,18574.9,9.582099561516637,1938.5,12036.05,6.2089502192416814,1938.5
FB250054449,733.3,11571.47,15.7799945452066,733.3,5030.44,6.8600027273967,733.3
FB250055537,1.19,18.56,15.596638655462185,1.19,9.28,7.798319327731092,1.19
FB250055539,9.07,141.49,15.599779492833518,9.07,70.75,7.800441014332965,9.07
FB250056295,1480,13920,9.405405405405405,1480,8288,5.6,1480
FB250056781,1855.8950000000002,15001.669999999998,8.083253632344501,1849.3500000000001,11170.07,6.039997837077892,1849.3500000000001
FB250058313,1085,10850,10,1115,7247.5,6.5,1115
FB250058348,84.93,899.38,10.589662074649711,NA,NA,NA,NA
FB250060044,1208,10872,9,1208,7729.85,6.398882450331127,1208
FB250060205,208.56,2346.3,11.25,NA,NA,NA,NA
FB250060336,240.48,3252.94,13.526862940785097,190.482,2028.63,10.649982675528397,190.482
FB250060567,447.7,5119.84,11.435872235872237,447.7,2820.5099999999998,6.3,447.7
FB250061191,658,6580,10,658,4277,6.5,658
FB250061201,425,4433,10.430588235294117,425,2762.5,6.5,425
FB250061818,1177.9,12186.880000000001,10.346277273113168,1177.9,7420.7699999999995,6.299999999999999,1177.9
FB250062166,473,4824.6,10.200000000000001,473,2979.9,6.3,473
FB250062227,731.255,6132.78,8.38665034768993,731.255,4956.84,6.7785382664050164,731.255
FB250062866,1472.531,13173.72,8.94631080771814,1472.531,8894.09,6.040001874323869,1472.531
FB250062890,1113.664,8701.75,7.813622421125223,550.332,4952.99,9.00000363416992,550.332
FB250063903,86.717,1127.32,12.999988468235754,86.717,972.1,11.210028022187116,86.717
FB250064242,378.5,4708.54,12.44,378.5,3448.14,9.11001321003963,378.5
FB250064608,125,1555,12.44,125,1138.75,9.11,125
FB250064847,190.98,2375.79,12.439993716619542,190.98,1739.83,9.110011519530842,190.98
FB250064944,224.51,2792.9,12.439980401763842,224.51,2045.29,9.110017371163869,224.51
FB250065052,1067,11108,10.41049671977507,1067,6935.5,6.5,1067
FB250065286,289.52,3828.21,13.22260983697154,289.52,2259.04,7.8027079303675055,289.52
FB250065940,1016.83,8224.56,8.088431694580214,1016.83,6141.65,6.039996852964605,1016.83
FB250067644,475,4750,10,475,3325,7,475
FB250067645,2384.3999999999996,24569.579999999998,10.304302969300453,2384.3999999999996,15021.720000000001,6.300000000000002,2384.3999999999996
FB250067686,824.6,10676.07,12.94696822701916,646.2,4071.06,6.3,646.2
FB250068458,28.14,438.98,15.599857853589198,28.14,219.49,7.799928926794599,28.14
FB250068481,3.01,46.96,15.601328903654487,3.01,23.48,7.800664451827243,3.01
FB250069126,1107,11754,10.617886178861788,1107,7195.5,6.5,1107
FB250069325,213.91,2823.6099999999997,13.199990650273477,213.91,2718.8,12.710018231966716,213.91
FB250069692,1170,12870,11,1170,7605,6.5,1170
FB250072356,893,8930,10,893,5804.5,6.5,893
FB250073394,892.3,9387.4,10.520452762523815,892.3,6032.15,6.760226381261908,892.3
FB250074531,792.8,8025.4,10.122855701311806,792.8,5153.200000000001,6.500000000000001,792.8
FB250077847,466.832,5324.02,11.404573808136547,451.832,3501.7,7.75000442642398,451.832
FB250081721,1946,19460,10,1946,13446.5,6.909815005138746,1946
FB250082208,942.5699999999999,10171.01,10.79072111355125,942.5699999999999,5938.1900000000005,6.299998939070839,942.5699999999999
