ACCORD_CADRE,ID_CHANTIER,NUM_SAP,NUM_ETF,AGENCE,CENTRE_PROFIT,POSTE,ARTICLE,LIBELLE_ARTICLE,LIBELLE_POSTE,PU_COMMANDE,UNITE,QUANTITE_COMMANDE,DATE_RECEPTION,QUANTITE_RECEPTION,MONTANT_RECEPTION
2022-2024,MS4,4501554573,2,8455,845505,40,04-EXPL-DBC02,Exploitation - Transfert matériel câble,FORFAIT TRANSFERT MATERIEL FD SAULIEU,3700,U,1,2023-06-12,1,3700
2022-2024,MS5,4501548552,1,8455,845514,10,04-EXPL-DBC02,Exploitation - Transfert matériel câble,FORFAIT TRANSFERT MATERIEL FD ANOST,2000,U,1,2023-05-02,1,2000
2022-2024,MS10_lot1,4501547859,3,8835,883505,10,04-EXPL-DBC02,Exploitation - Transfert matériel câble,AYGUEBON 4U 7U - Transfert mat câble,11000,U,1,2023-04-06,1,11000
2022-2024,MS10_lot2,4501547849,1,8835,883505,10,04-EXPL-DBC02,Exploitation - Transfert matériel câble,AYGUEBON 4U 7U - Transfert Matériel,8000,/FO,1,2023-05-02,1,8000
2022-2024,MS18,4700236917,1,8670,867009,40,04-EXPL-DBC02,Exploitation - Transfert matériel câble,Transfert mat. câble FD SMB 159 153 154,1000,U,1,2023-09-27,1,1000
2022-2024,MS19_lot2,4501572572,3,8440,844009,30,04-EXPL-DBC02,Exploitation - Transfert matériel câble,Exploit - transfer mat câble FD LEVIER3,4500,U,0.5,2023-12-13,0.5,2250
2022-2024,MS20,4501619216,4,8835,883503,40,04-EXPL-DBC02,Exploitation - Transfert matériel câble,STJULI63-Transfert matériel câble,1200,U,1,2024-07-11,1,1200
2022-2024,MS21,4501617505,4,8835,883503,10,04-EXPL-DBC02,Exploitation - Transfert matériel câble,GUERY 17 - Transfert matériel câble,1200,U,1,2024-07-09,1,1200
2022-2024,MS22,4501568088,3,8730,873012,30,04-EXPL-DBC02,Exploitation - Transfert matériel câble,MS8 Exploit - Transfert matériel câble,5500,U,1,2023-08-04,1,5500
2022-2024,MS29,4501583760,3,8425,842536,100,04-EXPL-DBC02,Exploitation - Transfert matériel câble,MS1 Exploit - Transfert matériel câble,4000,U,1,2023-12-30,1,4000
2022-2024,MS29,4501583760,3,8425,842536,100,04-EXPL-DBC02,Exploitation - Transfert matériel câble,MS1 Exploit - Transfert matériel câble,4000,U,1,2024-01-29,-1,-4000
2022-2024,MS29,4501583760,3,8425,842536,100,04-EXPL-DBC02,Exploitation - Transfert matériel câble,MS1 Exploit - Transfert matériel câble,4000,U,1,2024-02-07,1,4000
2022-2024,MS30,4700246171,1,8693,869303,40,04-EXPL-DBC02,Exploitation - Transfert matériel câble,Exploitation - Transfert matériel câble,6000,U,1,2024-03-22,1,6000
2022-2024,MS31_lot1,4501588924,6,8320,832009,80,04-EXPL-DBC02,Exploitation - Transfert matériel câble,GAVRE P 33-89-98,7000,U,1,2024-03-13,1,7000
2022-2024,MS31_lot2,4501588924,6,8320,832009,80,04-EXPL-DBC02,Exploitation - Transfert matériel câble,GAVRE P 33-89-98,7000,U,1,2024-03-13,1,7000
2022-2024,MS31_lot4,4501588924,6,8320,832009,80,04-EXPL-DBC02,Exploitation - Transfert matériel câble,GAVRE P 33-89-98,7000,U,1,2024-03-13,1,7000
2022-2024,MS32,4501585336,6,8320,832006,10,04-EXPL-DBC02,Exploitation - Transfert matériel câble,MERVENT P 23,7000,U,1,2023-12-18,1,7000
2022-2024,MS33,4501591618,3,8515,851507,30,04-EXPL-DBC02,Exploitation - Transfert matériel câble,MS33 - Exploitation - Transfert matériel,4500,U,1,2024-03-04,1,4500
2022-2024,MS34,4501642127,4,8835,883505,10,04-EXPL-DBC02,Exploitation - Transfert matériel câble,DEPFOSSA 5-Transfert matériel câble-MS34,8500,U,1,2024-12-06,1,8500
2022-2024,MS35,4501599549,4,8345,834503,10,08-EXPL-TRANS00,Transfert matériel de chantier,FS VALADE ET LA CHANSELVE P 2-3,3000,U,1,2024-03-12,1,3000
2022-2024,MS35,4501599549,4,8345,834503,10,08-EXPL-TRANS00,Transfert matériel de chantier,FS VALADE ET LA CHANSELVE P 2-3,3000,U,1,2024-03-18,-1,-3000
2022-2024,MS35,4501599549,4,8345,834503,10,08-EXPL-TRANS00,Transfert matériel de chantier,FS VALADE ET LA CHANSELVE P 2-3,3000,U,1,2024-03-21,1,3000
2022-2024,MS37_lot1,4501611621,1,8455,845514,10,04-EXPL-DBC02,Exploitation - Transfert matériel câble,FORFAIT TRANSFERT MATERIEL FD ST PRIX,7000,U,1,2024-06-10,1,7000
2022-2024,MS37_lot2,4501611621,1,8455,845514,10,04-EXPL-DBC02,Exploitation - Transfert matériel câble,FORFAIT TRANSFERT MATERIEL FD ST PRIX,7000,U,1,2024-06-10,1,7000
2022-2024,MS38,4501595952,3,8355,835509,30,08-EXPL-TRANS00,Transfert matériel de chantier,CHATEAUROUX P 221,4500,U,1,2024-02-20,1,4500
2022-2024,MS41,4501649952,4,8345,834503,10,04-EXPL-DBC02,Exploitation - Transfert matériel câble,LARFEUIL P 2E-3B-3E,2000,U,1,2025-01-22,1,2000
2022-2024,MS41,4501649952,4,8345,834503,40,04-EXPL-DBC02,Exploitation - Transfert matériel câble,LARFEUIL P 2E-3B-3E,3500,U,3,2025-08-01,1,2000
2022-2024,MS41,4501649952,4,8345,834503,40,04-EXPL-DBC02,Exploitation - Transfert matériel câble,LARFEUIL P 2E-3B-3E,3500,U,3,2025-08-05,-1,-2000
2022-2024,MS41,4501649952,4,8345,834503,40,04-EXPL-DBC02,Exploitation - Transfert matériel câble,LARFEUIL P 2E-3B-3E,3500,U,3,2025-08-07,3,10500
2022-2024,MS44,4501605994,3,8770,877000,10,04-EXPL-DBC02,Exploitation - Transfert matériel câble,C_2024_JMO_01,2000,U,1,2024-05-02,1,2000
2022-2024,MS45,4501634356,1,8455,845514,10,04-EXPL-DBC02,Exploitation - Transfert matériel câble,FORFAIT TRANSFERT MATERIEL FD PLANOISE,7000,U,1,2024-10-14,1,7000
2022-2024,MS46,4501671426,2,8735,873505,10,000000000001000385,$ Tvx Forest Exploit divers,Transfert de matériel,1500,U,1,2025-05-27,1,1500
2022-2024,MS47,4501611906,3,8845,884505,10,04-EXPL-DBC02,Exploitation - Transfert matériel câble,GRAND ARC pcl 7 Transfert matériel câble,10000,U,1,2024-05-24,1,10000
2022-2024,MS48,4501624641,4,8835,883508,10,04-EXPL-DBC02,Exploitation - Transfert matériel câble,VERGONZA - Exploitation - Transfert MS48,4200,U,1,2024-09-16,1,4200
2022-2024,MS49,4501641317,8,8455,845507,10,04-EXPL-DBC02,Exploitation - Transfert matériel câble,25//FORF.TRANSF. FD CITEAUX P135 ET 216,2100,U,1,2025-02-26,1,2100
2022-2024,MS51,4501625678,8,8440,844009,40,04-EXPL-DBC02,Exploitation - Transfert matériel câble,Transfert matériel câble FD LEVIER1J P12,1200,U,1,2024-09-30,1,1200
2022-2024,MS52,4501634199,4,8805,880509,10,04-EXPL-DBC02,Exploitation - Transfert matériel câble,24-127 SEILLON-Transfert matériel,3500,U,1,2025-02-20,1,3500
2022-2024,MS55,4501637680,3,8535,853501,10,04-EXPL-DBC02,Exploitation - Transfert matériel câble,ODS2025/FON1 - CAB MAT - EU - P.3/4/7/10,8000,U,1,2024-12-16,1,8000
2022-2024,MS57,4501640594,8,8415,841522,60,04-EXPL-DBC02,Exploitation - Transfert matériel câble,Explo - Transfert - MS 57 FD CHAUX,5000,U,1,NA,NA,NA
2022-2024,MS60,4700262980,2,8681,868113,50,04-EXPL-DBC02,Exploitation - Transfert matériel câble,FD Signy l'Abbaye 17-18-19 EXP,6400,U,1,2024-12-05,1,6400
2022-2024,MS60,4700262980,2,8681,868113,60,04-EXPL-DBC02,Exploitation - Transfert matériel câble,FD Signy l'Abbaye146-147-148-149-150-162,6400,U,1,NA,NA,NA
2022-2024,MS60,4700269232,2,8681,868113,30,04-EXPL-DBC02,Exploitation - Transfert matériel câble,FD Signy l'Abbaye 15-17-18-19,6400,U,1,2025-03-04,1,6400
2022-2024,MS61,4501639634,8,8415,841522,50,04-EXPL-DBC02,Exploitation - Transfert matériel câble,Explo - Transfert - MS 61 FD CHAUX,3000,U,1,2024-11-28,1,3000
2022-2024,MS64,4501658441,4,8835,883503,10,04-EXPL-DBC02,Exploitation - Transfert matériel câble,GUERY 23 24 25 -Transfert matériel câble,1500,U,1,2025-03-27,1,1500
2022-2024,MS64,4501658441,4,8835,883503,20,04-EXPL-DBC02,Exploitation - Transfert matériel câble,GUERY 23 24 25 Mont/démontage câble-MS41,1700,U,12,2025-03-06,1,1700
2022-2024,MS64,4501658441,4,8835,883503,20,04-EXPL-DBC02,Exploitation - Transfert matériel câble,GUERY 23 24 25 Mont/démontage câble-MS41,1700,U,12,2025-03-27,5,8500
2022-2024,MS64,4501658441,4,8835,883503,20,04-EXPL-DBC02,Exploitation - Transfert matériel câble,GUERY 23 24 25 Mont/démontage câble-MS41,1700,U,12,2025-04-04,2,3400
2022-2024,MS64,4501658441,4,8835,883503,20,04-EXPL-DBC02,Exploitation - Transfert matériel câble,GUERY 23 24 25 Mont/démontage câble-MS41,1700,U,12,2025-04-24,4,6800
2025,MS1,4501667968,4,8835,883515,10,04-EXPL-DBC02,Exploitation - Transfert matériel câble,D.ECLACH C Forfait transfert du matériel,247.5,U,2,2025-04-28,1,247.5
2025,MS2,4501675539,4,8835,883509,10,04-EXPL-DBC02,Exploitation - Transfert matériel câble,MEZENC 26 -Forfait transfert du matériel,1980,U,1,2025-07-01,1,1980
2025,MS3,4501691097,4,8835,883509,10,04-EXPL-DBC02,Exploitation - Transfert matériel câble,LANTRIAC 7 Forfait transfert du matériel,907,U,1,2025-10-28,1,907
2025,MS3,4501691097,4,8835,883509,50,04-EXPL-DBC02,Exploitation - Transfert matériel câble,LANDRIAC 7 Forfait déplacement équipe,1410,U,1,2025-10-28,1,1410
2025,MS7,4501675578,11,8505,850510,10,04-EXPL-DBC02,Exploitation - Transfert matériel câble,Forfait transfert matériel - MS 7,704,U,4,2025-07-10,2,2
2025,MS7,4501675578,11,8505,850510,10,04-EXPL-DBC02,Exploitation - Transfert matériel câble,Forfait transfert matériel - MS 7,704,U,4,2025-09-02,2,2
2025,MS7,4501675578,11,8505,850510,20,04-EXPL-DBC02,Exploitation - Transfert matériel câble,Forfait déplacement équipe - MS 7,300,U,3,2025-07-10,300,900
2025,MS7,4501675578,11,8505,850510,20,04-EXPL-DBC02,Exploitation - Transfert matériel câble,Forfait déplacement équipe - MS 7,300,U,3,2025-09-02,700,2100
2025,MS7,4501675578,11,8505,850510,20,04-EXPL-DBC02,Exploitation - Transfert matériel câble,Forfait déplacement équipe - MS 7,300,U,6,2025-09-03,-1000,-3000
2025,MS7,4501675578,11,8505,850510,20,04-EXPL-DBC02,Exploitation - Transfert matériel câble,Forfait déplacement équipe - MS 7,300,U,3,2025-09-11,3,900
2025,MS7,4501675578,11,8505,850510,70,04-EXPL-DBC02,Exploitation - Transfert matériel câble,Forfait déplacement équipe - MS 7,700,U,3,2025-09-11,3,2100
2025,MS7,4501675578,11,8505,850510,80,04-EXPL-DBC02,Exploitation - Transfert matériel câble,Forfait déplacement équipe - MS 7,600,U,3,2025-11-06,3,1800
2025,MS7,4501675578,11,8505,850510,120,04-EXPL-DBC02,Exploitation - Transfert matériel câble,Forfait déplacement équipe - MS 7,7156.05,U,1,2025-12-12,1,7156.05
2025,MS12,4501668554,8,8440,844001,30,04-EXPL-DBC02,Exploitation - Transfert matériel câble,Forfait transfert mat FC BERTHELANGE P13,330,U,2,2025-06-11,1.5,495
2025,MS14,4700283007,1,8693,869308,10,04-EXPL-DBC02,Exploitation - Transfert matériel câble,Exploitation - Transfert matériel câble,390,U,3,2025-12-15,3,1170
2025,MS15_lot1,4700276485,1,8692,869206,70,04-EXPL-DBC02,Exploitation - Transfert matériel câble,Exploitation - Transfert matériel câble,412.5,U,3,2025-08-26,3,1237.5
2025,MS15_lot2,4700276485,1,8692,869206,70,04-EXPL-DBC02,Exploitation - Transfert matériel câble,Exploitation - Transfert matériel câble,412.5,U,3,2025-08-26,3,1237.5
2025,MS18,4501675175,8,8440,844009,50,04-EXPL-DBC02,Exploitation - Transfert matériel câble,Forfait transfert du matériel FD LEVIER1,345,U,2,2025-06-23,2,690
2025,MS20,4501670169,4,8835,883503,20,04-EXPL-DBC02,Exploitation - Transfert matériel câble,GUERY 28 29 30Forfait transfert matériel,1500,U,1,2025-05-27,1,1500
2025,MS32,4700288177,13,8681,868113,50,04-EXPL-DBC02,Exploitation - Transfert matériel câble,FD Signy l'Abbaye 146-147-148-149-150EXP,3,U,4,NA,NA,NA
2025,MS38,4700285861,1,8683,868314,30,04-EXPL-TFMAT1,04-EXPL-TFMAT1,SIGFRA VIVEY p.3317 -Transfert matériel,2970,/FO,1,2025-12-19,1,2970
2025,MS39,4700285887,1,8683,868314,40,04-EXPL-TFMAT1,04-EXPL-TFMAT1,SIGFRA VOISINES p.3410 - Transfert mat.,502.5,/FO,1,NA,NA,NA
2025,MS40,4501694442,8,8415,841522,110,08-EXPL-MANUT00,Manut / Rgpt sur chantiers avec grumier,Forfait Transfert matériel FD CHAUX,390,U,2,NA,NA,NA
2025,MS42,4501694622,8,8455,845507,40,04-EXPL-DBC02,Exploitation - Transfert matériel câble,FORF.TRANSF. FD CITEAUX,487.5,U,2,2025-11-17,2,975
2025,MS47,4501705079,2,8805,880508,10,04-EXPL-TFMAT1,04-EXPL-TFMAT1,25-65 SEILLON V1-Transfert,2787,U,2,2026-01-20,2,5574
