"ID_CHANTIER","ACCORD_CADRE","DEP","FRT","NUM_ETF","DEBUT_CHANTIER","FIN_CHANTIER","VOL_PREVU","NB_LIGNES","LONGUEUR_MIN","LONGUEUR_MAX","LONGUEUR_MOY","VOL_REEL_ABA_M3","COUT_ABA_M3","VOL_REEL_DEB_M3","COUT_DEB_M3","VOL_REEL_ABADEB_M3","COUT_ABADEB_M3","VOL_REF","COUT_MONTAGE_M3","COUT_MONTAGE_TOTAL","COUT_TRANSFERT_M3","COUT_TRANSFERT_TOTAL","COUT_VARIABLES_M3","COUT_VARIABLES_TOT","COUT_FIXES_M3","COUT_FIXES_TOT","TARIF_PRESTA_M3","TARIF_PRESTA_SANS_ABA_M3","TARIF_PRESTA_SANS_TRANSFERT_M3","TARIF_PRESTA_SANS_ABA_TRANSFERT_M3","NB_GRUMES","DIAM_MOY","VOL_MOYEN_GRUME","G_TOT_CUT","ESSENCE_MAJ","VOL_HA_MOY","HA_DES_TOT","FAMILLE_COUPE","PEUPLEMENT_STR","ALTITUDE_MOY","PENTE_MOY","ALTITUDE_CENTROIDE","TYPE_CHANTIER"
"MS3","2022-2024","39","Forêt domaniale de Chaux",1,2023-01-19,2023-05-16,2334,12,300,500,400,410.37,13,2011.81,21,NA,NA,2011.81,6.56125578459198,13200,NA,NA,34,68401.54,NA,NA,NA,NA,40.561255784592,27.561255784592,1514,35,1.0081571994716,197.761,"Charme",57.5816666666667,43.29,"Famille Régénération","Futaie sur souche ou TSF en conversion",250.029876708984,1.51366245746613,241.75,"Plaine"
"MS4","2022-2024","21","Forêt domaniale de Saulieu",2,2023-06-12,2023-07-21,566,2,550,550,550,800,12,800,15,NA,NA,800,5,4000,4.625,3700,27,21600,9.625,7700,36.625,24.625,32,20,549,41.7577413479053,1.76055009107468,79.8909999999998,"Epicéa commun",120.385,10.42,"Famille Amélioration","futaie régulière",566.60009765625,1.79918265342712,566.789978027344,"Plaine"
"MS5","2022-2024","71","Forêt domaniale d'Anost",1,2023-05-02,2023-05-25,600,2,110,380,245,670.1,12,670.1,14,NA,NA,670.1,5.96925831965378,4000,2.98462915982689,2000,26,17422.6,8.95388747948068,6000,34.9538874794807,22.9538874794807,31.9692583196538,19.9692583196538,565,32.070796460177,0.858699115044248,47.539,"Epicéa commun",463.44,1.15,"Famille Régénération","futaie régulière",734.829406738281,3.40763068199158,733.700012207031,"Montagne"
"MS10_lot1","2022-2024","63","Forêt domaniale d'Ayguebonne",3,2023-04-06,2023-07-24,3750,9,150,300,225,2677.45,13,2677.45,13,NA,NA,2677.45,5.60235672001345,15000.03,4.10838671123644,11000,26,69613.7,9.71074343124988,26000.03,35.7107434312499,22.7107434312499,31.6023567200134,18.6023567200134,1883,40.1301115241636,1.3591062134891,259.276999999999,"Epicéa commun",272.8,11.5,"Famille Régénération","futaie régulière",940.100402832031,6.6668963432312,927.039978027344,"Montagne"
"MS10_lot2","2022-2024","63","Forêt domaniale d'Ayguebonne",1,2023-05-02,2023-07-24,3650,7,100,400,250,4350,14,4350,13,NA,NA,4350,3.44828045977012,15000.02,1.83908045977011,8000,27,117450,5.28736091954023,23000.02,32.2873609195402,18.2873609195402,30.4482804597701,16.4482804597701,3751,38.0151959477473,1.14877286057049,454.854000000009,"Epicéa commun",390.18,13.9,"Famille Régénération","futaie régulière",963.377563476562,6.8462290763855,953.359985351562,"Montagne"
"MS18","2022-2024","88","Forêt domaniale de Saint-Maurice Et Bussang",1,2023-09-27,2024-09-26,3026,18,140,435,287.5,2555.48,12,2555.48,22,NA,NA,2555.48,8.64808176937405,22100,0.391315917166247,1000,34,86886.32,9.0393976865403,23100,43.0393976865403,31.0393976865403,42.648081769374,30.648081769374,1576,44.7620558375635,1.92027982233503,264.479,"Sapin pectiné",93.2866666666667,37.08,"Famille Amélioration","futaie régulière",852.279479980469,26.1602725982666,839.989990234375,"Montagne"
"MS19_lot1","2022-2024","25","Forêt domaniale de Levier Jura",3,2023-12-14,2023-12-14,600,2,360,370,365,646.011,12.9999953561162,646.011,13.999993808155,NA,NA,646.011,6.12218677390942,3955,NA,NA,26.9999891642712,17442.29,NA,NA,NA,NA,33.1221759381806,20.1221805820644,258,47.8875968992248,2.50473255813953,50.9929999999999,"Sapin pectiné",100.72,7.06,"Famille Irréguliers","futaie régulière",711.3720703125,4.96870613098145,715.950012207031,"Montagne"
"MS19_lot2","2022-2024","25","Forêt domaniale de Levier Scay",3,2023-10-02,2023-12-13,1200,4,180,450,315,1491.37,13,1491.37,14,NA,NA,1491.37,4.49251359488256,6700,1.50867993857996,2250,27,40266.99,6.00119353346252,8950,33.0011935334625,20.0011935334625,31.4925135948826,18.4925135948826,466,58.0364806866953,3.63189055793991,133.485,"Sapin pectiné",372.32,5,"Famille Régénération","futaie régulière",736.628479003906,5.12871313095093,744.219970703125,"Montagne"
"MS20","2022-2024","63","Forêt sectionale de Saint-Julien-Puy-Laveze",4,2024-06-17,2024-07-25,2050,3,535,650,592.5,944,5.5,944,22.8,NA,NA,944,4.44915254237288,4200,1.27118644067797,1200,28.3,26715.2,5.72033898305085,5400,34.0203389830508,28.5203389830508,32.7491525423729,27.2491525423729,2364,35.3680203045685,0.845434010152296,244.617000000002,"Epicéa commun",148.66,17.48,"Famille Amélioration","futaie régulière",933.596069335938,3.68628931045532,933.450012207031,"Montagne"
"MS21","2022-2024","63","Forêt domaniale de Guery",4,2024-07-09,2024-09-25,1800,7,320,540,430,1453,13,1453,13.8,NA,NA,1453,12.381280110117,17990,0.825877494838266,1200,26.8,38940.4,13.2071576049553,19190,40.0071576049553,27.0071576049553,39.181280110117,26.181280110117,1054,42.623339658444,1.70871442125237,160.808,"Epicéa commun",94.11,19.81,"Famille Irréguliers","futaie régulière",1172.76489257812,16.2534484863281,1155.59997558594,"Montagne"
"MS22","2022-2024","04","Forêt communale de Castellet Les Sausses",3,2023-08-04,2024-01-22,900,5,200,390,295,900,15,900,20,NA,NA,900,13.8888888888889,12500,6.11111111111111,5500,35,31500,20,18000,55,40,48.8888888888889,33.8888888888889,3099,29.0222652468538,0.691506292352372,225.563,"Pin sylvestre",98.09,26.51,"Famille Amélioration","futaie régulière",1480.18359375,25.5973739624023,1515.07995605469,"Montagne"
"MS23","2022-2024","39","Forêt domaniale de Chaux",2,2024-01-03,2024-07-13,1765,8,350,375,362.5,NA,NA,2008,18,NA,NA,2008,9.9601593625498,20000,NA,NA,NA,NA,NA,NA,NA,NA,NA,27.9601593625498,709,47.4188998589563,1.66181100141044,143.160999999999,"Hêtre",76.3633333333333,25.48,"Famille Régénération","futaie régulière",258.062042236328,1.73771524429321,259.720001220703,"Plaine"
"MS24_lot1","2022-2024","39","Forêt domaniale de Chaux",2,2024-01-19,2024-03-13,895,2,360,360,360,962,13,962,25,NA,NA,962,4.15800415800416,4000,NA,NA,38,36556,NA,NA,NA,NA,42.1580041580042,29.1580041580042,1736,22.4251152073733,0.371837557603687,83.597,"Charme",110.63,8.91,"Famille Régénération","Futaie sur souche ou TSF en conversion",236.914611816406,1.54912400245667,234.970001220703,"Plaine"
"MS24_lot2","2022-2024","39","Forêt domaniale de Chaux",2,2024-01-03,2024-07-13,505,2,420,420,420,NA,NA,2008,18,NA,NA,2008,9.9601593625498,20000,NA,NA,NA,NA,NA,NA,NA,NA,NA,27.9601593625498,122,55.983606557377,2.36439344262295,31.295,"Chêne sessile ou pédonculé",65.27,8.43,"Famille Régénération","Futaie sur souche ou TSF en conversion",236.507247924805,0.935746371746063,236.179992675781,"Plaine"
"MS26","2022-2024","68","Forêt communale de Wolschwiller",5,2024-03-27,2024-11-20,1200,17,190,460,325,NA,NA,NA,NA,NA,NA,NA,NA,NA,NA,NA,NA,NA,NA,NA,NA,NA,NA,NA,2056,26.5977626459144,0.565006809338525,124.461000000002,"Hêtre",71.615,26.34,"Famille Amélioration","futaie régulière",655.315002441406,21.8200836181641,628.030029296875,"Montagne"
"MS27","2022-2024","58","Forêt domaniale de Breuil-Chenue",4,2024-02-13,2024-03-29,1300,3,100,160,130,1305.24,7.50000766142625,1305.24,22,NA,NA,1305.24,9.11709723882198,11900,NA,NA,29.5000076614263,38504.59,NA,NA,NA,NA,38.6171049002482,31.117097238822,3073,28.0475105759844,0.593318255776115,200.491,"Sapin pectiné",499.69,3.94,"Famille Régénération","futaie régulière",520.466369628906,17.8608951568604,542.710021972656,"Plaine"
"MS29","2022-2024","70","Forêt communale de Senargent-Mignafans",3,2023-12-30,2024-03-27,1023,2,460,530,495,859.45,11,859.45,14,NA,NA,859.45,5.23590668450753,4500,4.65413927511781,4000,25,21486.25,9.89004595962534,8500,34.8900459596253,23.8900459596253,30.2359066845075,19.2359066845075,159,70.4716981132076,3.58103773584906,64.6320000000001,"Chêne sessile ou pédonculé",128.31,7.97,"Famille Régénération","Futaie sur souche ou TSF en conversion",278.577667236328,1.51225137710571,279.299987792969,"Plaine"
"MS30","2022-2024","68","Forêt domaniale de Ribeauvillé",1,2024-03-22,2024-08-26,2000,4,190,280,235,1214,8,1214,23,NA,NA,1214,9.88467874794069,12000,4.94233937397035,6000,31,37634,14.827018121911,18000,45.827018121911,37.827018121911,40.8846787479407,32.8846787479407,2860,27.2202797202797,0.574294405594406,173.83,"Epicéa commun",215.35,8.5,"Famille Amélioration","futaie régulière",519.740051269531,24.2770938873291,522.859985351562,"Plaine"
"MS31_lot1","2022-2024","44","Forêt domaniale du Gâvre",6,2024-02-21,2024-03-13,925,4,160,440,300,NA,NA,NA,NA,1246.298,24.8044448438495,1246.298,10.8320802889839,13500,5.61663422391755,7000,24.8044448438495,30913.73,16.4487145129014,20500,41.253159356751,NA,35.6365251328334,NA,286,50.034965034965,2.35413286713287,59.385,"Chêne sessile ou pédonculé",92.95,10.33,"Famille Régénération","futaie régulière",43.217960357666,1.49923813343048,42.4000015258789,"Plaine"
"MS31_lot2","2022-2024","44","Forêt domaniale du Gâvre",6,2024-02-21,2024-03-13,140,2,105,135,120,NA,NA,NA,NA,1246.298,24.8044448438495,1246.298,10.8320802889839,13500,5.61663422391755,7000,24.8044448438495,30913.73,16.4487145129014,20500,41.253159356751,NA,35.6365251328334,NA,76,48.0263157894737,1.82511842105263,14.225,"Chêne sessile ou pédonculé",125.09,1.5,"Famille Régénération","futaie régulière",36.7834358215332,1.4717983007431,37.5999984741211,"Plaine"
"MS31_lot4","2022-2024","44","Forêt domaniale du Gâvre",6,2024-02-21,2024-03-13,400,3,310,330,320,NA,NA,NA,NA,1246.298,24.8044448438495,1246.298,10.8320802889839,13500,5.61663422391755,7000,24.8044448438495,30913.73,16.4487145129014,20500,41.253159356751,NA,35.6365251328334,NA,349,37.0630372492837,1.45177077363897,49.378,"Chêne sessile ou pédonculé",45.16,13.12,"Famille Amélioration","futaie régulière",39.8031311035156,0.611905336380005,39.7000007629395,"Plaine"
"MS32","2022-2024","85","Forêt domaniale de Mervent",6,2023-12-18,2024-02-13,815,7,230,390,310,NA,NA,NA,NA,960.101,25.0000052077854,960.101,10.9363494049064,10500,7.29089960327091,7000,25.0000052077854,24002.53,18.2272490081773,17500,43.2272542159627,NA,35.9363546126918,NA,225,53.2222222222222,2.64999111111111,50.914,"Chêne sessile ou pédonculé",43.19,18.86,"Famille coupes sanitaires","futaie régulière",103.508674621582,2.29263997077942,101.870002746582,"Plaine"
"MS33","2022-2024","77","Forêt domaniale de Villefermoy",3,2024-03-04,2024-06-17,770,5,370,430,400,NA,NA,577.55,16,NA,NA,577.55,19.0459700458835,11000,7.79153320058869,4500,NA,NA,26.8375032464722,15500,NA,42.8375032464722,NA,35.0459700458835,82,75.7317073170732,4.82812195121952,38.498,"Chêne sessile ou pédonculé",43.6,17.54,"Famille Régénération","taillis sous futaie",111.311668395996,0.694021284580231,112.569999694824,"Plaine"
"MS34","2022-2024","63","Forêt départementale de la Vallée Du Fossat",4,2024-12-06,2025-11-18,2000,3,500,750,625,1500,16,1500,23.5,NA,NA,1500,8.6,12900,5.66666666666667,8500,39.5,59250,14.2666666666667,21400,53.7666666666667,37.7666666666667,48.1,32.1,1,25,0.43,0.049,"Epicéa commun",0.13,3.8,"Famille Régénération","futaie régulière",1298.5283203125,16.4263572692871,1289.26000976562,"Montagne"
"MS35","2022-2024","19","Forêt sectionale de la Valade Et La Chanselve",4,2024-03-12,2024-07-11,1240,11,105,190,147.5,NA,NA,2100,21.3,NA,NA,2100,12.152380952381,25520,1.42857142857143,3000,NA,NA,13.5809523809524,28520,NA,34.8809523809524,NA,33.452380952381,1415,30.1766784452297,0.879788692579499,118.493,"Douglas",204.235,5.3,"Famille Amélioration","futaie régulière",518.82763671875,23.5021476745605,547.659973144531,"Plaine"
"MS37_lot1","2022-2024","71","Forêt domaniale de Saint-Prix",1,2024-05-15,2024-07-11,1820,5,110,250,180,2648,13.8502643504532,2648,13.8502643504532,NA,NA,2648,4.49395770392749,11900,2.64350453172205,7000,27.7005287009063,73351,7.13746223564955,18900,34.8379909365559,20.9877265861027,32.1944864048338,18.3442220543807,3137,27.2633088938476,0.580975454255658,191.356,"Epicéa commun",364.5,5.5,"Famille Régénération","futaie régulière",331.228729248047,4.12342691421509,326.679992675781,"Plaine"
"MS37_lot2","2022-2024","71","Forêt domaniale de Saint-Prix",1,2024-05-15,2024-07-11,280,2,210,220,215,2648,13.8502643504532,2648,13.8502643504532,NA,NA,2648,4.49395770392749,11900,2.64350453172205,7000,27.7005287009063,73351,7.13746223564955,18900,34.8379909365559,20.9877265861027,32.1944864048338,18.3442220543807,313,30.7987220447284,0.913300319488815,25.935,"Epicéa commun",20.35,15.45,"Famille coupes sanitaires","futaie régulière",766.828247070312,4.89899492263794,766.200012207031,"Montagne"
"MS38","2022-2024","36","Forêt domaniale de Châteauroux",3,2024-02-20,2024-04-04,1600,6,380,380,380,NA,NA,995.849,17.9999979916634,NA,NA,995.849,16.8700274840864,16800,4.51875736180887,4500,NA,NA,21.3887848458953,21300,NA,39.3887828375587,NA,34.8700254757498,1612,28.1668734491315,0.766658188585625,132.030000000002,"Feuillu dur",37.04,49.44,"Famille Coupes Produits Accidentels","Futaie sur souche ou TSF en conversion",160.243774414062,3.17655491828918,154.800003051758,"Plaine"
"MS40","2022-2024","88","Forêt domaniale de Moyenmoutier",7,2025-09-25,2025-11-13,760,5,150,345,247.5,NA,NA,NA,NA,NA,NA,NA,NA,NA,NA,NA,NA,NA,NA,NA,NA,NA,NA,NA,262,50.5152671755725,2.89771374045801,54.561,"Sapin pectiné",146.45,5.76,"Famille Irréguliers","futaie régulière",481.818603515625,20.2102813720703,498.049987792969,"Plaine"
"MS41","2022-2024","19","Forêt domaniale de Larfeuil",4,2025-01-22,2025-08-07,1750,4,150,240,195,NA,NA,NA,NA,1734,28,1734,6.11303344867359,10600,7.20876585928489,12500,28,48552,13.3217993079585,23100,41.3217993079585,NA,34.1130334486736,NA,1518,34.631093544137,1.15754216073781,166.501,"Epicéa de sitka",492.623333333333,3.85,"Famille Régénération","futaie régulière",885.774963378906,5.44941186904907,875,"Montagne"
"MS45","2022-2024","71","Forêt domaniale de Planoise",1,2024-10-14,2024-12-13,1989,3,190,525,357.5,1551,8.59961315280464,1551,21.5087040618955,NA,NA,1551,3.28820116054159,5100,4.51321727917473,7000,30.1083172147002,46698,7.80141843971631,12100,37.9097356544165,29.3101225016119,33.3965183752418,24.7969052224371,2160,30.75,0.913940277777778,176.628,"Epicéa commun",342.9675,6.77,"Famille Régénération","futaie régulière",590.935729980469,1.54452180862427,589.640014648438,"Plaine"
"MS46","2022-2024","05","Forêt domaniale du Pouzenc",2,2025-05-27,2025-08-28,1920,5,510,575,542.5,1466.6,15,1466.6,28,NA,NA,1466.6,10.2277376244375,15000,1.02277376244375,1500,43,63063.8,11.2505113868812,16500,54.2505113868812,39.2505113868812,53.2277376244375,38.2277376244375,3204,30.5758426966292,0.598422596754059,238.792000000001,"Mélèze d'europe",104.42,20.79,"Famille Irréguliers","futaie irrégulière",2116.83032226562,29.8851299285889,2142.2099609375,"Montagne"
"MS47","2022-2024","73","Forêt domaniale R.T.M. Grand-Arc",3,2024-05-24,2025-01-20,1383,3,282,624,453,NA,NA,NA,NA,1815.58,48,1815.58,8.26182266823825,15000,5.5078817788255,10000,48,87147.84,13.7697044470637,25000,61.7697044470637,NA,56.2618226682383,NA,909,50.8635863586359,2.5830209020902,195.625,"Epicéa commun",129.14,20.03,"Famille coupes sanitaires","futaie irrégulière",1287.28210449219,29.3263740539551,1301.15002441406,"Montagne"
"MS48","2022-2024","43","Forêt sectionale de Vergonzac",4,2024-09-16,2024-09-16,685,3,135,220,177.5,NA,NA,0,NA,773.18,19.5,773.18,9.70019917742311,7500,5.43211153935694,4200,19.5,15077.01,15.1323107167801,11700,34.6323107167801,NA,29.2001991774231,NA,641,35.3432137285491,1.06926833073323,69.7750000000002,"Sapin pectiné",318.85,2.68,"Famille Régénération","futaie irrégulière",979.266357421875,27.8619346618652,978.280029296875,"Montagne"
"MS49","2022-2024","21","Forêt domaniale de Citeaux",8,2025-02-26,2025-05-12,1035,6,180,420,300,864.585,12,864.585,12,NA,NA,864.585,13.1855167508111,11400,2.42891098041257,2100,24,20750.04,15.6144277312236,13500,39.6144277312236,27.6144277312236,37.1855167508111,25.1855167508111,203,71.6502463054187,3.77377832512315,84.1629999999999,"Chêne sessile ou pédonculé",66.58,19.87,"Famille Régénération","Futaie sur souche ou TSF en conversion",222.915496826172,0.827491223812103,220.639999389648,"Plaine"
"MS50","2022-2024","08","Forêt domaniale de La Croix-Scaille",9,2024-11-26,2025-06-19,7500,10,440,550,495,NA,NA,NA,NA,NA,NA,NA,NA,NA,NA,NA,NA,NA,NA,NA,NA,NA,NA,NA,2936,40.9877384196185,1.53735933242507,406.376,"Epicéa commun",94.2225,53.14,"Famille Coupes Produits Accidentels","futaie régulière",467.097229003906,3.61573100090027,467.269989013672,"Plaine"
"MS51","2022-2024","25","Forêt domaniale de Levier Jura",8,2024-09-30,2024-10-15,786,4,330,420,375,871.227,15.0000057390324,871.227,11.9999954087741,NA,NA,871.227,8.72332928157644,7600,1.37736778130154,1200,27.0000011478065,23523.13,10.100697062878,8800,37.1006982106845,22.100692471652,35.7233304293829,20.7233246903505,445,50.1573033707865,2.68818426966291,94.0739999999998,"Sapin pectiné",89.165,14.78,"Famille Irréguliers","futaie irrégulière",733.973266601562,5.04182481765747,740.609985351562,"Montagne"
"MS52","2022-2024","01","Forêt domaniale de Seillon",4,2025-02-20,2025-03-18,650,2,430,450,440,NA,NA,683.98,18.2000058481242,NA,NA,683.98,11.1845375595778,7650,5.11710868738852,3500,NA,NA,16.3016462469663,11150,NA,34.5016520950905,NA,29.384543407702,141,58.4397163120567,3.42941843971631,42.278,"Chêne sessile ou pédonculé",57.96,13.06,"Famille Régénération","futaie régulière",251.400451660156,1.74860429763794,250.570007324219,"Plaine"
"MS55","2022-2024","76","Forêt domaniale indivise d'Eu",3,2024-12-16,2025-05-26,2800,6,395,690,542.5,826.79,11.3000036284909,1532.16,17,NA,NA,1532.16,12.3355263157895,18900,5.22138680033417,8000,28.3000036284909,43360.1335594286,17.5569131161236,26900,45.8569167446146,34.5569131161237,40.6355299442804,29.3355263157895,1223,47.5715453802126,2.10165331152902,236.846999999999,"Epicéa commun",78.215,40.56,"Famille Amélioration","futaie régulière",101.254928588867,7.04259061813354,96.4000015258789,"Plaine"
"MS57","2022-2024","39","Forêt domaniale de Chaux",8,2025-05-11,2026-02-05,2525,13,250,480,365,1893,14,1543,13,NA,NA,1543,10.3694102397926,16000,0,0,27,41661,10.3694102397926,16000,37.3694102397926,23.3694102397926,37.3694102397926,23.3694102397926,1307,41.4728385615914,1.23399311400153,211.62,"Hêtre",66.9133333333333,44.79,"Famille Régénération","Futaie sur souche ou TSF en conversion",250.075180053711,2.18206977844238,247.369995117188,"Plaine"
"MS59_lot1","2022-2024","44","Forêt domaniale du Gâvre",10,NA,NA,625,2,390,540,465,NA,NA,NA,NA,NA,NA,NA,NA,NA,NA,NA,NA,NA,NA,NA,NA,NA,NA,NA,221,47.4660633484163,2.09298190045249,40.4660000000001,"Chêne sessile ou pédonculé",73.75,8.48,"Famille Régénération","futaie régulière",34.704647064209,0.346355259418488,34.5999984741211,"Plaine"
"MS59_lot2","2022-2024","44","Forêt domaniale du Gâvre",10,NA,NA,331,2,370,390,380,NA,NA,NA,NA,NA,NA,NA,NA,NA,NA,NA,NA,NA,NA,NA,NA,NA,NA,NA,334,31.3173652694611,0.947494011976048,31.128,"Hêtre",95.49,4.69,"Famille Régénération","futaie régulière",41.4804763793945,0.634966790676117,42.2000007629395,"Plaine"
"MS60","2022-2024","08","Forêt domaniale de Signy-L'Abbaye",2,2024-12-05,2025-06-02,2320,10,240,470,355,NA,NA,1960,18,NA,NA,1960,13.9285714285714,27300,6.53061224489796,12800,NA,NA,20.4591836734694,40100,NA,38.4591836734694,NA,31.9285714285714,331,47.4924471299094,1.99081570996979,65.6419999999999,"Frêne commun",20.748,33.7,"Famille Amélioration","Futaie sur souche ou TSF en conversion",211.898376464844,9.05131244659424,199.740005493164,"Plaine"
"MS61","2022-2024","39","Forêt domaniale de Chaux",8,2024-11-28,2025-10-03,2500,11,180,400,290,3004,16,3004,14,NA,NA,3004,7.68974700399467,23100,0.99866844207723,3000,30,90120,8.6884154460719,26100,38.6884154460719,22.6884154460719,37.6897470039947,21.6897470039947,2620,44.4790076335878,1.37701183206105,476.597000000001,"Chêne sessile ou pédonculé",0.245,26111.12,"Famille Coupes Produits Accidentels","futaie régulière",249.117889404297,1.9913741350174,246.979995727539,"Plaine"
"MS64","2022-2024","63","Forêt domaniale de Guery",4,2025-03-06,2025-05-21,1300,12,125,430,277.5,NA,NA,NA,NA,NA,NA,NA,NA,NA,NA,21900,NA,NA,NA,NA,NA,NA,NA,NA,9117,25.6065591751673,0.426640013162226,500.362,"Epicéa commun",72.6266666666667,58.66,"Famille Amélioration","futaie régulière",1257.49938964844,16.3493328094482,1253.19995117188,"Montagne"
"MS1","2025","63","Forêt domaniale de Eclache",4,2025-04-28,2025-04-28,298,1,340,340,340,262,19.5,262,8.5,NA,NA,262,9.54198473282443,2500,0.944656488549618,247.5,28,7336,10.486641221374,2747.5,38.486641221374,18.986641221374,37.5419847328244,18.0419847328244,807,23.7174721189591,0.369079306071871,38.618,"Epicéa commun",261.35,1.44,"Famille Régénération","futaie régulière",966.05126953125,3.97874927520752,966.799987792969,"Montagne"
"MS2","2025","43","Forêt domaniale de Mezenc",4,2025-07-01,2025-12-11,1190,2,260,420,340,885.363,13.3999952561831,885.363,20,NA,NA,885.363,6.77688134697294,6000,2.23637084450107,1980,33.3999952561831,29571.12,9.01325219147401,7980,42.4132474476571,29.013252191474,40.176876603156,26.7768813469729,967,34.8862461220269,1.22481282316442,107.287,"Epicéa commun",249.11,5.34,"Famille Régénération","futaie régulière",1313.72778320312,9.49043464660645,1312.64001464844,"Montagne"
"MS3","2025","43","Forêt communale de Lantriac",4,2025-10-28,2025-10-28,470,3,125,230,177.5,450,5.5,450,15,NA,NA,450,13.3333333333333,6000,5.14888888888889,2317,20.5,9225,18.4822222222222,8317,38.9822222222222,33.4822222222222,33.8333333333333,28.3333333333333,701,30.0784593437946,0.670718972895868,54.2429999999998,"Epicéa commun",385.13,1.57,"Famille Régénération","futaie régulière",1001.01300048828,10.9915857315063,988.75,"Montagne"
"MS4","2025","19","Forêt domaniale de Larfeuil",4,2026-01-19,NA,2287,4,195,450,322.5,1200,9,800,22,NA,NA,800,3.125,2500,NA,NA,31,24800,NA,NA,NA,NA,34.125,25.125,3200,37.24375,1.20988,380.595,"Epicéa de sitka",606.46,6.93,"Famille Régénération","futaie régulière",902.581298828125,3.06738066673279,901.960021972656,"Montagne"
"MS7","2025","59","Forêt domaniale de Bois-L'Evêque",11,2025-07-10,2025-12-12,2713,3,200,560,380,3985.35,13,3385.35,14.5000014769522,NA,NA,3385.35,2.65851389073508,9000,3.53288433987623,11960.05,27.5000014769522,93097.13,6.19139823061131,20960.05,33.6913997075635,20.6913997075635,30.1585153676872,17.1585153676872,1369,49.8721694667641,1.98136157779401,268.907,"Epicéa de sitka",182.965,12.14,"Famille Amélioration","futaie régulière",155.375930786133,2.07332730293274,154.25,"Plaine"
"MS10","2025","05","Forêt domaniale des Sauvas",2,NA,NA,585,3,260,350,305,NA,NA,NA,NA,NA,NA,NA,NA,NA,NA,NA,NA,NA,NA,NA,NA,NA,NA,NA,288,29.4097222222222,0.576159722222221,21.13,"Pin noir d'autriche",369,0.5,"Famille Régénération","futaie régulière",1271.22119140625,30.7266635894775,1263.15002441406,"Montagne"
"MS11","2025","25","Forêt communale de La-Chenalotte",8,2025-08-19,2025-10-20,1233,7,150,310,230,1330,8,1330,21,NA,NA,1330,13.6458646616541,18149,NA,NA,29,38570,NA,NA,NA,NA,42.6458646616541,34.6458646616541,1237,31.7421180274859,0.99657558609539,113.106000000001,"Epicéa commun",220.605,6.02,"Famille Irréguliers","futaie irrégulière",891.92041015625,2.1776294708252,892.799987792969,"Montagne"
"MS12","2025","25","Forêt communale de Berthelange",8,2025-06-11,2025-09-22,425,1,490,490,490,641.5,8.5,641.5,20,NA,NA,641.5,4.28682774746687,2750,0.771628994544037,495,28.5,18282.75,5.05845674201091,3245,33.5584567420109,25.0584567420109,32.7868277474669,24.2868277474669,419,36.6348448687351,1.0781169451074,47.463,"Sapin pectiné",274.44,2.32,"Famille Régénération","futaie régulière",253.047134399414,1.38726103305817,253.800003051758,"Plaine"
"MS14","2025","68","Forêt communale de Soultzeren",1,2025-12-15,NA,400,4,165,185,175,NA,NA,NA,NA,365,37,365,17.5342465753425,6400,3.20547945205479,1170,37,13505,20.7397260273973,7570,57.7397260273973,NA,54.5342465753425,NA,2569,29.5134293499416,0.65586920980928,190.335000000003,"Epicéa commun",57.75,30.28,"Famille Amélioration","futaie irrégulière",972.418762207031,18.8225574493408,973.130004882812,"Montagne"
"MS15_lot1","2025","67","Forêt domaniale de La Vancelle",1,2025-08-26,2025-11-18,500,4,320,440,380,112065,14.3175746218712,2110.65,19.3460024163172,NA,NA,2110.65,14.0241157937128,29600,0.586312273470258,1237.5,33.6635770381885,71052.0288756525,14.6104280671831,30837.5,48.2740051053716,33.9564304835003,47.6876928319013,33.3701182100301,248,45,1.71935483870968,39.442,"Epicéa commun",55.05,9.01,"Famille Amélioration","futaie régulière",618.67724609375,26.6384792327881,624.200012207031,"Montagne"
"MS15_lot2","2025","67","Forêt domaniale de La Vancelle",1,2025-08-26,2025-11-18,1350,10,115,430,272.5,112065,14.3175746218712,2110.65,19.3460024163172,NA,NA,2110.65,14.0241157937128,29600,0.586312273470258,1237.5,33.6635770381885,71052.0288756525,14.6104280671831,30837.5,48.2740051053716,33.9564304835003,47.6876928319013,33.3701182100301,921,40.4777415852334,1.46871769815418,125.304,"Sapin pectiné",51.69,29.81,"Famille Régénération","futaie régulière",636.538452148438,28.8698501586914,637.539978027344,"Montagne"
"MS17","2025","56","Forêt domaniale des Landes De Lanvaux",12,2025-12-01,NA,1735,12,70,320,195,450,9,450,29,NA,NA,450,6.22222222222222,2800,NA,NA,38,17100,NA,NA,NA,NA,44.2222222222222,35.2222222222222,4037,26.1010651473867,0.429820163487736,234.056000000003,"Pin sylvestre",222.618,9.33,"Famille coupes sanitaires","Non déterminé",97.6981506347656,3.16981029510498,97.4000015258789,"Plaine"
"MS18","2025","25","Forêt domaniale de Levier Jura",8,2025-06-23,2025-07-16,834,3,180,220,200,864.227,14.0000023142068,864.227,11.9999953715864,NA,NA,864.227,6.59548937952644,5700,0.798401345942675,690,25.9999976857932,22469.9,7.39389072546912,6390,33.3938884112623,19.3938860970555,32.5954870653196,18.5954847511128,325,49.6153846153846,2.59215076923076,66.9169999999999,"Sapin pectiné",212.115,5.83,"Famille Irréguliers","futaie irrégulière",694.297729492188,5.03598642349243,691.289978027344,"Montagne"
"MS20","2025","63","Forêt domaniale de Guery",4,2025-05-27,2025-07-21,950,6,100,370,235,NA,NA,NA,NA,701.3,24,701.3,14.1166405247398,9900,2.13888492799087,1500,24,16831.2,16.2555254527306,11400,40.2555254527307,NA,38.1166405247398,NA,4528,24.0459363957597,0.325827959363956,224.152000000003,"Epicéa commun",55.8133333333333,35.88,"Famille Amélioration","futaie régulière",1349.36328125,16.9535388946533,1432.40002441406,"Montagne"
"MS22","2025","71","Forêt domaniale de Saint-Prix",1,NA,NA,1000,7,130,200,165,NA,NA,NA,NA,NA,NA,NA,NA,NA,NA,NA,NA,NA,NA,NA,NA,NA,NA,NA,1937,24.5973154362416,0.516734641197729,101.625000000001,"Epicéa commun",210.165,5,"Famille Amélioration","futaie régulière",728.529174804688,6.78742504119873,721.77001953125,"Montagne"
"MS24","2025","27","Forêt domaniale de Lyons",11,NA,NA,2380,15,160,440,300,NA,NA,NA,NA,NA,NA,NA,NA,NA,NA,NA,NA,NA,NA,NA,NA,NA,NA,NA,516,57.1608527131783,3.41001356589147,139.977,"Hêtre",55.2933333333333,42.81,"Famille Amélioration","futaie régulière",145.999938964844,5.76234865188599,146.600006103516,"Plaine"
"MS25","2025","89","Forêt domaniale Au-Duc",1,NA,NA,1200,2,450,450,450,NA,NA,0,NA,NA,NA,NA,NA,0,NA,NA,NA,NA,NA,NA,NA,NA,NA,NA,655,41.8167938931298,1.83273282442748,94.475,"Epicéa commun",436.635,5,"Famille Régénération","futaie régulière",549.630432128906,4.6843786239624,553.590026855469,"Plaine"
"MS30","2025","51","Forêt domaniale du Chêne A La Vierge",13,NA,NA,1477,9,180,420,300,0,NA,0,NA,NA,NA,NA,NA,0,NA,NA,NA,NA,NA,NA,NA,NA,NA,NA,1075,31.5116279069767,0.866569302325582,108.932,"Feuillu dur",49.39,28.99,"Famille coupes sanitaires","Futaie sur souche ou TSF en conversion",268.522308349609,0.699842810630798,270,"Plaine"
"MS38","2025","52","Regroupement forestier Sigf De La Région D'Auberive",1,2025-12-19,NA,650,1,280,650,465,NA,NA,NA,NA,200,29,200,10,2000,14.85,2970,29,5800,24.85,4970,53.85,NA,39,NA,1577,22.6157260621433,0.422273937856686,75.9939999999995,"Epicéa commun",118.83,6.75,"Famille Régénération","futaie régulière",390.1650390625,9.9784517288208,380.649993896484,"Plaine"
"MS39","2025","52","Regroupement forestier Sigf De La Région D'Auberive",1,NA,NA,168,1,200,200,200,NA,NA,NA,NA,0,NA,0,NA,0,NA,0,NA,NA,NA,0,NA,NA,NA,NA,476,20.7983193277311,0.351630252100841,19.558,"Epicéa commun",104.45,1.92,"Famille Régénération","futaie régulière",412.582489013672,5.73798513412476,411.929992675781,"Plaine"
"MS42","2025","21","Forêt domaniale de Citeaux",8,2025-11-17,NA,1150,3,350,400,375,891.209,14.000004488285,891.209,15.999995511715,NA,NA,891.209,7.57398096293911,6750,1.09401947242454,975,30,26736.27,8.66800043536364,7725,38.6680004353636,24.6679959470786,37.5739809629391,23.5739764746541,185,68.7027027027027,3.46616216216216,70.36,"Chêne sessile ou pédonculé",109.31,10.84,"Famille Régénération","Futaie sur souche ou TSF en conversion",211.718795776367,1.7114634513855,212.940002441406,"Plaine"
"MS47","2025","01","Forêt domaniale de Seillon",2,2026-01-20,NA,583,3,370,430,400,250,12,0,NA,NA,NA,NA,NA,0,NA,5574,NA,NA,NA,5574,NA,NA,NA,NA,885,24.0564971751412,0.531923163841806,48.5829999999996,"Feuillu dur",45.29,12.86,"Famille Régénération","futaie régulière",258.243316650391,1.8111743927002,259.5,"Plaine"
"MS61","2025","23","Forêt du G.S.F. De Gentioux-Pigerolles",4,2026-02-11,NA,690,3,110,340,225,500,10,0,NA,NA,NA,NA,NA,5000,NA,NA,NA,NA,NA,NA,NA,NA,NA,NA,1850,23,0.373063783783784,81.032,"Pin sylvestre",300.56,2.48,"Famille Régénération","futaie régulière",703.697326660156,3.77658414840698,707.150024414062,"Montagne"
