ID_CHANTIER,ACCORD_CADRE,VOL_REEL_ABA_M3,COUT_ABA_M3,VOL_REEL_DEB_M3,COUT_DEB_M3,VOL_REEL_ABADEB_M3,COUT_ABADEB_M3,VOL_REF,COUT_MONTAGE_M3,COUT_MONTAGE_TOTAL,COUT_TRANSFERT_M3,COUT_TRANSFERT_TOTAL,COUT_VARIABLES_M3,COUT_VARIABLES_TOT,COUT_FIXES_M3,COUT_FIXES_TOT,TARIF_PRESTA_M3,TARIF_PRESTA_SANS_ABA_M3,TARIF_PRESTA_SANS_TRANSFERT_M3,TARIF_PRESTA_SANS_ABA_TRANSFERT_M3
MS1,2025,262,19.5,262,8.5,NA,NA,262,9.541984732824428,2500,0.9446564885496184,247.5,28,7336,10.486641221374047,2747.5,38.48664122137404,18.986641221374047,37.54198473282443,18.041984732824428
MS10_lot1,2022-2024,2677.45,13,2677.45,13,NA,NA,2677.45,5.6023567200134465,15000.03,4.108386711236438,11000,26,69613.7,9.710743431249885,26000.03,35.71074343124988,22.710743431249885,31.602356720013447,18.602356720013447
MS10_lot2,2022-2024,4350,14,4350,13,NA,NA,4350,3.4482804597701153,15000.020000000002,1.839080459770115,8000,27,117450,5.28736091954023,23000.020000000004,32.287360919540234,18.28736091954023,30.448280459770114,16.448280459770114
MS11,2025,1330,8,1330,21,NA,NA,1330,13.645864661654135,18149,NA,NA,29,38570,NA,NA,NA,NA,42.64586466165414,34.64586466165414
MS12,2025,641.5,8.5,641.5,20,NA,NA,641.5,4.286827747466875,2750,0.7716289945440374,495,28.5,18282.75,5.058456742010912,3245,33.55845674201091,25.05845674201091,32.78682774746687,24.286827747466873
MS14,2025,NA,NA,NA,NA,365,37,365,17.534246575342465,6400,3.2054794520547945,1170,37,13505,20.73972602739726,7570,57.73972602739726,NA,54.534246575342465,NA
MS15_lot1,2025,112065,14.317574621871236,2110.65,19.346002416317248,NA,NA,2110.65,14.024115793712836,29600,0.5863122734702579,1237.5,33.663577038188485,71052.02887565253,14.610428067183094,30837.5,48.27400510537158,33.95643048350034,47.68769283190132,33.370118210030085
MS15_lot2,2025,112065,14.317574621871236,2110.65,19.346002416317248,NA,NA,2110.65,14.024115793712836,29600,0.5863122734702579,1237.5,33.663577038188485,71052.02887565253,14.610428067183094,30837.5,48.27400510537158,33.95643048350034,47.68769283190132,33.370118210030085
MS17,2025,450,9,450,29,NA,NA,450,6.222222222222222,2800,NA,NA,38,17100,NA,NA,NA,NA,44.22222222222222,35.22222222222222
MS18,2022-2024,2555.48,12,2555.48,22,NA,NA,2555.48,8.64808176937405,22100,0.39131591716624664,1000,34,86886.32,9.039397686540298,23100,43.0393976865403,31.039397686540298,42.64808176937405,30.648081769374052
MS18,2025,864.227,14.0000023142068,864.227,11.9999953715864,NA,NA,864.227,6.595489379526444,5700,0.7984013459426748,690,25.999997685793197,22469.899999999998,7.393890725469118,6390,33.39388841126232,19.393886097055518,32.59548706531964,18.595484751112842
MS19_lot1,2022-2024,646.011,12.999995356116226,646.011,13.99999380815497,NA,NA,646.011,6.122186773909423,3955,NA,NA,26.9999891642712,17442.29,NA,NA,NA,NA,33.12217593818062,20.122180582064395
MS19_lot2,2022-2024,1491.37,13.000000000000002,1491.37,14.000000000000002,NA,NA,1491.37,4.492513594882558,6700,1.5086799385799634,2250,27.000000000000004,40266.990000000005,6.001193533462521,8950,33.001193533462526,20.001193533462523,31.49251359488256,18.49251359488256
MS2,2025,885.363,13.399995256183058,885.363,20,NA,NA,885.363,6.776881346972936,6000,2.236370844501069,1980,33.39999525618306,29571.120000000006,9.013252191474006,7980,42.41324744765707,29.013252191474006,40.176876603155996,26.776881346972935
MS20,2022-2024,944,5.5,944,22.8,NA,NA,944,4.4491525423728815,4200,1.271186440677966,1200,28.3,26715.2,5.720338983050848,5400,34.02033898305085,28.52033898305085,32.74915254237288,27.249152542372883
MS20,2025,NA,NA,NA,NA,701.3,24.000000000000004,701.3,14.11664052473977,9900,2.1388849279908744,1500,24.000000000000004,16831.2,16.255525452730645,11400,40.25552545273065,NA,38.11664052473977,NA
MS21,2022-2024,1453,13,1453,13.8,NA,NA,1453,12.381280110116998,17990,0.8258774948382657,1200,26.8,38940.4,13.207157604955263,19190,40.00715760495527,27.007157604955264,39.181280110117,26.181280110117
MS22,2022-2024,900,15,900,20,NA,NA,900,13.88888888888889,12500,6.111111111111111,5500,35,31500,20,18000,55,40,48.888888888888886,33.888888888888886
MS23,2022-2024,NA,NA,2008,18,NA,NA,2008,9.9601593625498,20000,NA,NA,NA,NA,NA,NA,NA,NA,NA,27.960159362549803
MS24_lot1,2022-2024,962,13,962,25,NA,NA,962,4.158004158004158,4000,NA,NA,38,36556,NA,NA,NA,NA,42.15800415800416,29.158004158004157
MS24_lot2,2022-2024,NA,NA,2008,18,NA,NA,2008,9.9601593625498,20000,NA,NA,NA,NA,NA,NA,NA,NA,NA,27.960159362549803
MS25,2025,NA,NA,0,NA,NA,NA,NA,NA,0,NA,NA,NA,NA,NA,NA,NA,NA,NA,NA
MS27,2022-2024,1305.24,7.500007661426251,1305.24,22,NA,NA,1305.24,9.117097238821978,11900,NA,NA,29.500007661426253,38504.590000000004,NA,NA,NA,NA,38.61710490024823,31.117097238821977
MS29,2022-2024,859.45,10.999999999999998,859.45,14,NA,NA,859.45,5.235906684507533,4500,4.6541392751178075,4000,25,21486.25,9.89004595962534,8500,34.89004595962534,23.89004595962534,30.235906684507533,19.235906684507533
MS3,2022-2024,410.37,13,2011.81,21,NA,NA,2011.81,6.561255784591984,13200,NA,NA,34,68401.54,NA,NA,NA,NA,40.561255784591985,27.561255784591985
MS3,2025,450,5.5,450,15,NA,NA,450,13.333333333333334,6000,5.148888888888889,2317,20.5,9225,18.482222222222223,8317,38.98222222222222,33.48222222222222,33.833333333333336,28.333333333333336
MS30,2022-2024,1214,8,1214,23,NA,NA,1214,9.884678747940692,12000,4.942339373970346,6000,31,37634,14.827018121911038,18000,45.82701812191104,37.82701812191104,40.88467874794069,32.88467874794069
MS30,2025,0,NA,0,NA,NA,NA,NA,NA,0,NA,NA,NA,NA,NA,NA,NA,NA,NA,NA
MS31_lot1,2022-2024,NA,NA,NA,NA,1246.298,24.80444484384955,1246.298,10.832080288983857,13500,5.616634223917554,7000,24.80444484384955,30913.730000000003,16.44871451290141,20500,41.253159356750956,NA,35.636525132833405,NA
MS31_lot2,2022-2024,NA,NA,NA,NA,1246.298,24.80444484384955,1246.298,10.832080288983857,13500,5.616634223917554,7000,24.80444484384955,30913.730000000003,16.44871451290141,20500,41.253159356750956,NA,35.636525132833405,NA
MS31_lot4,2022-2024,NA,NA,NA,NA,1246.298,24.80444484384955,1246.298,10.832080288983857,13500,5.616634223917554,7000,24.80444484384955,30913.730000000003,16.44871451290141,20500,41.253159356750956,NA,35.636525132833405,NA
MS32,2022-2024,NA,NA,NA,NA,960.101,25.00000520778543,960.101,10.93634940490636,10500,7.290899603270906,7000,25.00000520778543,24002.53,18.227249008177267,17500,43.2272542159627,NA,35.936354612691794,NA
MS32,2025,NA,NA,0,NA,NA,NA,NA,NA,0,NA,0,NA,NA,NA,0,NA,NA,NA,NA
MS33,2022-2024,NA,NA,577.55,16,NA,NA,577.55,19.045970045883475,11000,7.791533200588694,4500,NA,NA,26.83750324647217,15500,NA,42.83750324647217,NA,35.04597004588348
MS34,2022-2024,1500,16,1500,23.5,NA,NA,1500,8.6,12900,5.666666666666667,8500,39.5,59250,14.266666666666666,21400,53.766666666666666,37.766666666666666,48.1,32.1
MS35,2022-2024,NA,NA,2100,21.3,NA,NA,2100,12.152380952380952,25520,1.4285714285714286,3000,NA,NA,13.58095238095238,28520,NA,34.88095238095238,NA,33.45238095238095
MS37_lot1,2022-2024,2648,13.850264350453172,2648,13.850264350453172,NA,NA,2648,4.493957703927492,11900,2.6435045317220545,7000,27.700528700906343,73351,7.137462235649547,18900,34.83799093655589,20.987726586102717,32.19448640483384,18.344222054380666
MS37_lot2,2022-2024,2648,13.850264350453172,2648,13.850264350453172,NA,NA,2648,4.493957703927492,11900,2.6435045317220545,7000,27.700528700906343,73351,7.137462235649547,18900,34.83799093655589,20.987726586102717,32.19448640483384,18.344222054380666
MS38,2022-2024,NA,NA,995.849,17.999997991663392,NA,NA,995.849,16.870027484086442,16800,4.518757361808868,4500,NA,NA,21.38878484589531,21300,NA,39.3887828375587,NA,34.870025475749834
MS38,2025,NA,NA,NA,NA,200,29,200,10,2000,14.85,2970,29,5800,24.85,4970,53.85,NA,39,NA
MS39,2025,NA,NA,NA,NA,0,NA,0,NA,0,NA,0,NA,NA,NA,0,NA,NA,NA,NA
MS4,2022-2024,800,12,800,15,NA,NA,800,5,4000,4.625,3700,27,21600,9.625,7700,36.625,24.625,32,20
MS4,2025,1200,9,800,22,NA,NA,800,3.125,2500,NA,NA,31,24800,NA,NA,NA,NA,34.125,25.125
MS40,2025,0,NA,0,NA,NA,NA,NA,NA,0,NA,0,NA,NA,NA,0,NA,NA,NA,NA
MS41,2022-2024,NA,NA,NA,NA,1734,28,1734,6.113033448673587,10600,7.20876585928489,12500,28,48552,13.321799307958477,23100,41.32179930795848,NA,34.11303344867359,NA
MS42,2025,891.2090000000001,14.000004488285017,891.2090000000001,15.999995511714983,NA,NA,891.2090000000001,7.573980962939108,6750,1.0940194724245378,975,30,26736.27,8.668000435363645,7725,38.668000435363645,24.66799594707863,37.57398096293911,23.573976474654092
MS44,2022-2024,430,12,430,16,NA,NA,430,13.953488372093023,6000,4.651162790697675,2000,28,12040,18.6046511627907,8000,46.6046511627907,34.6046511627907,41.95348837209302,29.953488372093023
MS44,2025,NA,NA,0,NA,NA,NA,NA,NA,0,NA,NA,NA,NA,NA,NA,NA,NA,NA,NA
MS45,2022-2024,1551,8.599613152804642,1551,21.50870406189555,NA,NA,1551,3.288201160541586,5100,4.513217279174726,7000,30.108317214700193,46698,7.801418439716312,12100,37.90973565441651,29.31012250161186,33.39651837524178,24.796905222437136
MS46,2022-2024,1466.6,15.000000000000002,1466.6,28.000000000000004,NA,NA,1466.6,10.227737624437475,15000,1.0227737624437474,1500,43.00000000000001,63063.8,11.250511386881223,16500,54.25051138688123,39.25051138688123,53.22773762443748,38.22773762443748
MS47,2022-2024,NA,NA,NA,NA,1815.58,48,1815.58,8.26182266823825,15000,5.5078817788254995,10000,48,87147.84,13.769704447063749,25000,61.769704447063745,NA,56.26182266823825,NA
MS47,2025,250,12,0,NA,NA,NA,NA,NA,0,NA,5574,NA,NA,NA,5574,NA,NA,NA,NA
MS48,2022-2024,NA,NA,0,NA,773.18,19.5,773.18,9.70019917742311,7500,5.432111539356942,4200,19.5,15077.009999999998,15.132310716780053,11700,34.632310716780054,NA,29.20019917742311,NA
MS49,2022-2024,864.585,11.999999999999998,864.585,12,NA,NA,864.585,13.185516750811082,11400,2.4289109804125677,2100,24,20750.04,15.61442773122365,13500,39.61442773122365,27.61442773122365,37.18551675081108,25.185516750811082
MS5,2022-2024,670.0999999999999,12.000000000000004,670.0999999999999,14.000000000000004,NA,NA,670.0999999999999,5.969258319653783,4000,2.9846291598268917,2000,26.000000000000007,17422.600000000002,8.953887479480676,6000,34.953887479480684,22.953887479480677,31.96925831965379,19.969258319653786
MS51,2022-2024,871.227,15.000005739032424,871.227,11.999995408774062,NA,NA,871.227,8.723329281576444,7600,1.3773677813015437,1200,27.000001147806486,23523.13,10.100697062877988,8800,37.10069821068447,22.10069247165205,35.723330429382926,20.723324690350506
MS52,2022-2024,NA,NA,683.98,18.200005848124217,NA,NA,683.98,11.184537559577764,7650,5.11710868738852,3500,NA,NA,16.301646246966286,11150,NA,34.501652095090506,NA,29.384543407701983
MS55,2022-2024,826.79,11.300003628490913,1532.16,17.000000000000004,NA,NA,1532.16,12.335526315789474,18900,5.2213868003341695,8000,28.300003628490916,43360.13355942864,17.556913116123646,26900,45.856916744614566,34.55691311612365,40.63552994428039,29.33552631578948
MS57,2022-2024,1893,14,1543,13,NA,NA,1543,10.369410239792613,16000,0,0,27,41661,10.369410239792613,16000,37.369410239792614,23.369410239792614,37.369410239792614,23.369410239792614
MS60,2022-2024,NA,NA,1960,18,NA,NA,1960,13.928571428571429,27300,6.530612244897959,12800,NA,NA,20.45918367346939,40100,NA,38.45918367346939,NA,31.92857142857143
MS61,2022-2024,3004,16,3004,14,NA,NA,3004,7.689747003994674,23100,0.9986684420772304,3000,30,90120,8.688415446071904,26100,38.6884154460719,22.688415446071904,37.689747003994675,21.689747003994675
MS61,2025,500,10,0,NA,NA,NA,NA,NA,5000,NA,NA,NA,NA,NA,NA,NA,NA,NA,NA
MS7,2025,3985.35,13.000000000000002,3385.35,14.500001476952162,NA,NA,3385.35,2.658513890735079,9000,3.5328843398762313,11960.05,27.500001476952164,93097.13,6.191398230611311,20960.05,33.69139970756348,20.691399707563473,30.158515367687244,17.15851536768724
MS64,2022-2024,NA,NA,NA,NA,NA,NA,NA,NA,NA,NA,21900,NA,NA,NA,NA,NA,NA,NA,NA
