ID_CHANTIER,ACCORD_CADRE,NUM_ETF,TYPE_OP,DATE_RECEPTION,QUANTITE_RECEPTION,DATE_PREC,JOURS_CALENDAIRES,JOURS_TRAVAILLES,VITESSE_MOY_JOUR_M3,TYPE_VITESSE,JOURS_TRAVAILLES_AVEC_MONTAGE,VOL_REF,TYPE_CHANTIER,ANNEE,VOL_TOT_ANNUEL_M3,NB_CHANTIERS,debut,fin
MS10_lot1,2022-2024,3,CVar_CABLE_ABATTAGE,2023-05-16,300,2023-04-24,22,15.714285714285715,19.09090909090909,intra_chantier,NA,NA,NA,NA,NA,NA,NA,NA
MS10_lot1,2022-2024,3,CVar_CABLE_ABATTAGE,2023-06-02,500,2023-05-16,17,12.142857142857142,41.1764705882353,intra_chantier,NA,NA,NA,NA,NA,NA,NA,NA
MS10_lot1,2022-2024,3,CVar_CABLE_ABATTAGE,2023-07-24,877.4499999999999,2023-06-02,52,37.142857142857146,23.623653846153843,intra_chantier,NA,NA,NA,NA,NA,NA,NA,NA
MS10_lot2,2022-2024,1,CVar_CABLE_ABATTAGE,2023-05-16,500,2023-05-02,14,10,50,intra_chantier,NA,NA,NA,NA,NA,NA,NA,NA
MS10_lot2,2022-2024,1,CVar_CABLE_ABATTAGE,2023-06-02,600,2023-05-16,17,12.142857142857142,49.411764705882355,intra_chantier,NA,NA,NA,NA,NA,NA,NA,NA
MS10_lot2,2022-2024,1,CVar_CABLE_ABATTAGE,2023-06-23,1000,2023-06-02,21,15,66.66666666666667,intra_chantier,NA,NA,NA,NA,NA,NA,NA,NA
MS10_lot2,2022-2024,1,CVar_CABLE_ABATTAGE,2023-06-30,500,2023-06-23,7,5,100,intra_chantier,NA,NA,NA,NA,NA,NA,NA,NA
MS10_lot2,2022-2024,1,CVar_CABLE_ABATTAGE,2023-07-24,750,2023-06-30,24,17.142857142857142,43.75,intra_chantier,NA,NA,NA,NA,NA,NA,NA,NA
MS11,2025,8,CVar_CABLE_ABATTAGE,2025-09-22,430,2025-08-19,34,24.285714285714285,17.705882352941178,intra_chantier,NA,NA,NA,NA,NA,NA,NA,NA
MS15_lot1,2025,1,CVar_CABLE_ABATTAGE,2025-10-16,400,2025-08-26,51,36.42857142857143,10.980392156862745,intra_chantier,NA,NA,NA,NA,NA,NA,NA,NA
MS15_lot1,2025,1,CVar_CABLE_ABATTAGE,2025-11-04,200,2025-10-16,19,13.571428571428571,14.736842105263158,intra_chantier,NA,NA,NA,NA,NA,NA,NA,NA
MS15_lot1,2025,1,CVar_CABLE_ABATTAGE,2025-11-18,620.47,2025-11-04,14,10,62.047000000000004,intra_chantier,NA,NA,NA,NA,NA,NA,NA,NA
MS15_lot2,2025,1,CVar_CABLE_ABATTAGE,2025-10-16,400,2025-08-26,51,36.42857142857143,10.980392156862745,intra_chantier,NA,NA,NA,NA,NA,NA,NA,NA
MS15_lot2,2025,1,CVar_CABLE_ABATTAGE,2025-11-04,200,2025-10-16,19,13.571428571428571,14.736842105263158,intra_chantier,NA,NA,NA,NA,NA,NA,NA,NA
MS15_lot2,2025,1,CVar_CABLE_ABATTAGE,2025-11-18,620.47,2025-11-04,14,10,62.047000000000004,intra_chantier,NA,NA,NA,NA,NA,NA,NA,NA
MS17,2025,12,CVar_CABLE_ABATTAGE,2026-02-04,450,2025-12-01,65,46.42857142857143,9.692307692307692,intra_chantier,NA,NA,NA,NA,NA,NA,NA,NA
MS18,2022-2024,1,CVar_CABLE_DEBARDAGE,2023-10-20,600,2023-09-27,23,16.42857142857143,36.52173913043478,intra_chantier,NA,NA,NA,NA,NA,NA,NA,NA
MS18,2022-2024,1,CVar_CABLE_ABATTAGE,2023-12-13,464.07,2023-10-20,54,38.57142857142857,12.031444444444444,intra_chantier,NA,NA,NA,NA,NA,NA,NA,NA
MS18,2022-2024,1,CVar_CABLE_ABATTAGE,2024-09-26,385.97999999999996,2024-08-14,43,30.714285714285715,12.566790697674417,intra_chantier,NA,NA,NA,NA,NA,NA,NA,NA
MS18,2025,8,CVar_CABLE_ABATTAGE,2025-07-16,464.227,2025-06-23,23,16.42857142857143,28.25729565217391,intra_chantier,NA,NA,NA,NA,NA,NA,NA,NA
MS19_lot2,2022-2024,3,CVar_CABLE_ABATTAGE,2023-10-30,400,2023-10-02,28,20,20,intra_chantier,NA,NA,NA,NA,NA,NA,NA,NA
MS19_lot2,2022-2024,3,CVar_CABLE_ABATTAGE,2023-11-28,591.37,2023-10-30,29,20.714285714285715,28.548896551724138,intra_chantier,NA,NA,NA,NA,NA,NA,NA,NA
MS2,2025,4,CVar_CABLE_ABATTAGE,2025-07-21,150,2025-07-01,20,14.285714285714286,10.5,intra_chantier,NA,NA,NA,NA,NA,NA,NA,NA
MS20,2022-2024,4,CVar_CABLE_ABATTAGE,2024-07-11,350,2024-06-17,24,17.142857142857142,20.416666666666668,intra_chantier,NA,NA,NA,NA,NA,NA,NA,NA
MS20,2022-2024,4,CVar_CABLE_ABATTAGE,2024-07-25,94,2024-07-11,14,10,9.4,intra_chantier,NA,NA,NA,NA,NA,NA,NA,NA
MS20,2025,4,CVar_CABLE_ABATTAGE,2025-06-06,320,2025-05-27,10,7.142857142857143,44.8,intra_chantier,NA,NA,NA,NA,NA,NA,NA,NA
MS20,2025,4,CVar_CABLE_ABATTAGE,2025-07-21,101.3,2025-06-06,45,32.142857142857146,3.151555555555555,intra_chantier,NA,NA,NA,NA,NA,NA,NA,NA
MS22,2022-2024,3,CVar_CABLE_ABATTAGE,2023-09-11,300,2023-08-04,38,27.142857142857142,11.052631578947368,intra_chantier,NA,NA,NA,NA,NA,NA,NA,NA
MS22,2022-2024,3,CVar_CABLE_ABATTAGE,2023-10-03,250,2023-09-11,22,15.714285714285715,15.909090909090908,intra_chantier,NA,NA,NA,NA,NA,NA,NA,NA
MS23,2022-2024,2,CVar_CABLE_DEBARDAGE,2024-02-26,841,2024-01-03,54,38.57142857142857,21.803703703703704,intra_chantier,NA,NA,NA,NA,NA,NA,NA,NA
MS23,2022-2024,2,CVar_CABLE_DEBARDAGE,2024-04-02,343,2024-02-26,36,25.714285714285715,13.338888888888889,intra_chantier,NA,NA,NA,NA,NA,NA,NA,NA
MS23,2022-2024,2,CVar_CABLE_DEBARDAGE,2024-04-13,132,2024-04-02,11,7.857142857142858,16.799999999999997,intra_chantier,NA,NA,NA,NA,NA,NA,NA,NA
MS24_lot1,2022-2024,2,CVar_CABLE_ABATTAGE,2024-02-08,400,2024-01-19,20,14.285714285714286,28,intra_chantier,NA,NA,NA,NA,NA,NA,NA,NA
MS24_lot1,2022-2024,2,CVar_CABLE_ABATTAGE,2024-03-12,12,2024-02-08,33,23.571428571428573,0.509090909090909,intra_chantier,NA,NA,NA,NA,NA,NA,NA,NA
MS24_lot2,2022-2024,2,CVar_CABLE_DEBARDAGE,2024-02-26,841,2024-01-03,54,38.57142857142857,21.803703703703704,intra_chantier,NA,NA,NA,NA,NA,NA,NA,NA
MS24_lot2,2022-2024,2,CVar_CABLE_DEBARDAGE,2024-04-02,343,2024-02-26,36,25.714285714285715,13.338888888888889,intra_chantier,NA,NA,NA,NA,NA,NA,NA,NA
MS24_lot2,2022-2024,2,CVar_CABLE_DEBARDAGE,2024-04-13,132,2024-04-02,11,7.857142857142858,16.799999999999997,intra_chantier,NA,NA,NA,NA,NA,NA,NA,NA
MS26,2022-2024,5,CVar_CABLE_ABATTAGE,2024-04-30,504,2024-03-27,34,24.285714285714285,20.75294117647059,intra_chantier,NA,NA,NA,NA,NA,NA,NA,NA
MS27,2022-2024,4,CVar_CABLE_ABATTAGE,2024-02-29,400,2024-02-13,16,11.428571428571429,35,intra_chantier,NA,NA,NA,NA,NA,NA,NA,NA
MS27,2022-2024,4,CVar_CABLE_ABATTAGE,2024-03-29,305.24,2024-02-29,29,20.714285714285715,14.735724137931035,intra_chantier,NA,NA,NA,NA,NA,NA,NA,NA
MS29,2022-2024,3,CVar_CABLE_ABATTAGE,2024-02-07,714.65,2024-01-29,9,6.428571428571429,111.16777777777777,intra_chantier,NA,NA,NA,NA,NA,NA,NA,NA
MS29,2022-2024,3,CVar_CABLE_ABATTAGE,2024-03-27,144.8,2024-02-07,49,35,4.137142857142858,intra_chantier,NA,NA,NA,NA,NA,NA,NA,NA
MS3,2022-2024,1,CVar_CABLE_DEBARDAGE,2023-01-26,170,2023-01-19,7,5,34,intra_chantier,NA,NA,NA,NA,NA,NA,NA,NA
MS3,2022-2024,1,CVar_CABLE_DEBARDAGE,2023-02-08,210,2023-01-26,13,9.285714285714286,22.615384615384613,intra_chantier,NA,NA,NA,NA,NA,NA,NA,NA
MS3,2022-2024,1,CVar_CABLE_DEBARDAGE,2023-03-04,140,2023-02-10,22,15.714285714285715,8.909090909090908,intra_chantier,NA,NA,NA,NA,NA,NA,NA,NA
MS3,2022-2024,1,CVar_CABLE_DEBARDAGE,2023-04-14,82.27,2023-03-04,41,29.285714285714285,2.809219512195122,intra_chantier,NA,NA,NA,NA,NA,NA,NA,NA
MS3,2022-2024,1,CVar_CABLE_DEBARDAGE,2023-05-02,262.71999999999997,2023-04-14,18,12.857142857142858,20.433777777777774,intra_chantier,NA,NA,NA,NA,NA,NA,NA,NA
MS3,2022-2024,1,CVar_CABLE_DEBARDAGE,2023-05-16,227.01,2023-05-02,14,10,22.701,intra_chantier,NA,NA,NA,NA,NA,NA,NA,NA
MS30,2022-2024,1,CVar_CABLE_ABATTAGE,2024-04-11,400,2024-03-22,20,14.285714285714286,28,intra_chantier,NA,NA,NA,NA,NA,NA,NA,NA
MS30,2022-2024,1,CVar_CABLE_ABATTAGE,2024-06-13,300,2024-04-11,63,45,6.666666666666667,intra_chantier,NA,NA,NA,NA,NA,NA,NA,NA
MS31_lot1,2022-2024,6,CVar_CABLE_DEB-ABA,2024-03-13,177,2024-02-21,21,15,11.8,intra_chantier,NA,NA,NA,NA,NA,NA,NA,NA
MS31_lot2,2022-2024,6,CVar_CABLE_DEB-ABA,2024-03-13,177,2024-02-21,21,15,11.8,intra_chantier,NA,NA,NA,NA,NA,NA,NA,NA
MS31_lot4,2022-2024,6,CVar_CABLE_DEB-ABA,2024-03-13,177,2024-02-21,21,15,11.8,intra_chantier,NA,NA,NA,NA,NA,NA,NA,NA
MS32,2022-2024,6,CVar_CABLE_DEB-ABA,2024-02-13,610.101,2023-12-18,57,40.714285714285715,14.984936842105263,intra_chantier,NA,NA,NA,NA,NA,NA,NA,NA
MS34,2022-2024,4,CVar_CABLE_ABATTAGE,2025-09-11,300,2025-07-31,42,30,10,intra_chantier,NA,NA,NA,NA,NA,NA,NA,NA
MS35,2022-2024,4,CVar_CABLE_DEBARDAGE,2024-03-26,600,2024-03-12,14,10,60,intra_chantier,NA,NA,NA,NA,NA,NA,NA,NA
MS35,2022-2024,4,CVar_CABLE_DEBARDAGE,2024-04-30,100,2024-03-26,35,25,4,intra_chantier,NA,NA,NA,NA,NA,NA,NA,NA
MS35,2022-2024,4,CVar_CABLE_DEBARDAGE,2024-05-16,850,2024-04-30,16,11.428571428571429,74.375,intra_chantier,NA,NA,NA,NA,NA,NA,NA,NA
MS35,2022-2024,4,CVar_CABLE_DEBARDAGE,2024-06-24,300,2024-05-16,39,27.857142857142858,10.769230769230768,intra_chantier,NA,NA,NA,NA,NA,NA,NA,NA
MS37_lot1,2022-2024,1,CVar_CABLE_ABATTAGE,2024-06-10,200,2024-05-15,26,18.571428571428573,10.769230769230768,intra_chantier,NA,NA,NA,NA,NA,NA,NA,NA
MS37_lot1,2022-2024,1,CVar_CABLE_ABATTAGE,2024-07-11,470,2024-06-10,31,22.142857142857142,21.225806451612904,intra_chantier,NA,NA,NA,NA,NA,NA,NA,NA
MS37_lot2,2022-2024,1,CVar_CABLE_ABATTAGE,2024-06-10,200,2024-05-15,26,18.571428571428573,10.769230769230768,intra_chantier,NA,NA,NA,NA,NA,NA,NA,NA
MS37_lot2,2022-2024,1,CVar_CABLE_ABATTAGE,2024-07-11,470,2024-06-10,31,22.142857142857142,21.225806451612904,intra_chantier,NA,NA,NA,NA,NA,NA,NA,NA
MS38,2022-2024,3,CVar_CABLE_DEBARDAGE,2024-04-04,595.8489999999999,2024-02-20,44,31.42857142857143,18.958831818181814,intra_chantier,NA,NA,NA,NA,NA,NA,NA,NA
MS4,2022-2024,2,CVar_CABLE_ABATTAGE,2023-07-21,520,2023-06-12,39,27.857142857142858,18.666666666666668,intra_chantier,NA,NA,NA,NA,NA,NA,NA,NA
MS40,2022-2024,7,CVar_CABLE_ABATTAGE,2025-11-13,250.33,2025-09-25,49,35,7.152285714285715,intra_chantier,NA,NA,NA,NA,NA,NA,NA,NA
MS41,2022-2024,4,CVar_CABLE_ABATTAGE,2025-02-10,900,2025-01-22,19,13.571428571428571,66.3157894736842,intra_chantier,NA,NA,NA,NA,NA,NA,NA,NA
MS41,2022-2024,4,CVar_CABLE_ABATTAGE,2025-03-25,134,2025-02-10,43,30.714285714285715,4.362790697674418,intra_chantier,NA,NA,NA,NA,NA,NA,NA,NA
MS42,2025,8,CVar_CABLE_ABATTAGE,2025-12-01,50,2025-11-17,14,10,5,intra_chantier,NA,NA,NA,NA,NA,NA,NA,NA
MS42,2025,8,CVar_CABLE_ABATTAGE,2026-01-29,91.209,2025-12-01,59,42.142857142857146,2.164281355932203,intra_chantier,NA,NA,NA,NA,NA,NA,NA,NA
MS44,2022-2024,3,CVar_CABLE_ABATTAGE,2024-06-18,150,2024-05-02,47,33.57142857142857,4.468085106382979,intra_chantier,NA,NA,NA,NA,NA,NA,NA,NA
MS45,2022-2024,1,CVar_CABLE_ABATTAGE,2024-11-08,300,2024-10-14,25,17.857142857142858,16.8,intra_chantier,NA,NA,NA,NA,NA,NA,NA,NA
MS45,2022-2024,1,CVar_CABLE_ABATTAGE,2024-12-13,451,2024-11-08,35,25,18.04,intra_chantier,NA,NA,NA,NA,NA,NA,NA,NA
MS46,2022-2024,2,CVar_CABLE_ABATTAGE,2025-06-25,400,2025-05-27,29,20.714285714285715,19.310344827586206,intra_chantier,NA,NA,NA,NA,NA,NA,NA,NA
MS46,2022-2024,2,CVar_CABLE_ABATTAGE,2025-08-28,636.6,2025-06-25,64,45.714285714285715,13.925625,intra_chantier,NA,NA,NA,NA,NA,NA,NA,NA
MS47,2022-2024,3,CVar_CABLE_DEB-ABA,2024-11-06,200,2024-10-21,16,11.428571428571429,17.5,intra_chantier,NA,NA,NA,NA,NA,NA,NA,NA
MS49,2022-2024,8,CVar_CABLE_ABATTAGE,2025-03-19,460,2025-02-26,21,15,30.666666666666668,intra_chantier,NA,NA,NA,NA,NA,NA,NA,NA
MS49,2022-2024,8,CVar_CABLE_ABATTAGE,2025-05-12,50.565000000000005,2025-03-19,54,38.57142857142857,1.3109444444444447,intra_chantier,NA,NA,NA,NA,NA,NA,NA,NA
MS5,2022-2024,1,CVar_CABLE_ABATTAGE,2023-05-25,57.8,2023-05-02,23,16.42857142857143,3.518260869565217,intra_chantier,NA,NA,NA,NA,NA,NA,NA,NA
MS50,2022-2024,9,CVar_CABLE_DEBARDAGE,2025-01-15,1300,2024-11-26,50,35.714285714285715,36.4,intra_chantier,NA,NA,NA,NA,NA,NA,NA,NA
MS50,2022-2024,9,CVar_CABLE_DEBARDAGE,2025-01-29,700,2025-01-15,14,10,70,intra_chantier,NA,NA,NA,NA,NA,NA,NA,NA
MS50,2022-2024,9,CVar_CABLE_DEBARDAGE,2025-02-25,1500,2025-01-29,27,19.285714285714285,77.77777777777779,intra_chantier,NA,NA,NA,NA,NA,NA,NA,NA
MS50,2022-2024,9,CVar_CABLE_DEBARDAGE,2025-03-14,500,2025-02-25,17,12.142857142857142,41.1764705882353,intra_chantier,NA,NA,NA,NA,NA,NA,NA,NA
MS50,2022-2024,9,CVar_CABLE_DEBARDAGE,2025-03-18,1500,2025-03-14,4,2.857142857142857,525,intra_chantier,NA,NA,NA,NA,NA,NA,NA,NA
MS50,2022-2024,9,CVar_CABLE_ABATTAGE,2025-06-19,1000,2025-06-13,6,4.285714285714286,233.33333333333334,intra_chantier,NA,NA,NA,NA,NA,NA,NA,NA
MS51,2022-2024,8,CVar_CABLE_ABATTAGE,2024-10-15,171.227,2024-09-30,15,10.714285714285715,15.981186666666666,intra_chantier,NA,NA,NA,NA,NA,NA,NA,NA
MS55,2022-2024,3,CVar_CABLE_ABATTAGE,2025-04-09,350,2025-02-12,56,40,8.75,intra_chantier,NA,NA,NA,NA,NA,NA,NA,NA
MS55,2022-2024,3,CVar_CABLE_DEBARDAGE,2025-05-26,832.16,2025-04-09,47,33.57142857142857,24.787744680851063,intra_chantier,NA,NA,NA,NA,NA,NA,NA,NA
MS57,2022-2024,8,CVar_CABLE_ABATTAGE,2025-05-20,160,2025-05-11,9,6.428571428571429,24.88888888888889,intra_chantier,NA,NA,NA,NA,NA,NA,NA,NA
MS57,2022-2024,8,CVar_CABLE_ABATTAGE,2025-06-13,108,2025-05-20,24,17.142857142857142,6.3,intra_chantier,NA,NA,NA,NA,NA,NA,NA,NA
MS57,2022-2024,8,CVar_CABLE_ABATTAGE,2025-12-22,130,2025-12-15,7,5,26,intra_chantier,NA,NA,NA,NA,NA,NA,NA,NA
MS57,2022-2024,8,CVar_CABLE_DEBARDAGE,2026-02-05,440,2025-12-22,45,32.142857142857146,13.688888888888888,intra_chantier,NA,NA,NA,NA,NA,NA,NA,NA
MS60,2022-2024,2,CVar_CABLE_DEBARDAGE,2025-01-22,400,2024-12-05,48,34.285714285714285,11.666666666666668,intra_chantier,NA,NA,NA,NA,NA,NA,NA,NA
MS60,2022-2024,2,CVar_CABLE_DEBARDAGE,2025-02-25,200,2025-01-22,34,24.285714285714285,8.23529411764706,intra_chantier,NA,NA,NA,NA,NA,NA,NA,NA
MS60,2022-2024,2,CVar_CABLE_DEBARDAGE,2025-03-04,693,2025-02-25,7,5,138.6,intra_chantier,NA,NA,NA,NA,NA,NA,NA,NA
MS61,2022-2024,8,CVar_CABLE_ABATTAGE,2024-12-17,260,2024-11-28,19,13.571428571428571,19.157894736842106,intra_chantier,NA,NA,NA,NA,NA,NA,NA,NA
MS61,2022-2024,8,CVar_CABLE_ABATTAGE,2025-02-03,320,2024-12-17,48,34.285714285714285,9.333333333333334,intra_chantier,NA,NA,NA,NA,NA,NA,NA,NA
MS61,2022-2024,8,CVar_CABLE_DEBARDAGE,2025-02-27,240,2025-02-03,24,17.142857142857142,14,intra_chantier,NA,NA,NA,NA,NA,NA,NA,NA
MS61,2022-2024,8,CVar_CABLE_ABATTAGE,2025-04-03,400,2025-02-27,35,25,16,intra_chantier,NA,NA,NA,NA,NA,NA,NA,NA
MS61,2022-2024,8,CVar_CABLE_DEBARDAGE,2025-05-20,400,2025-04-03,47,33.57142857142857,11.914893617021278,intra_chantier,NA,NA,NA,NA,NA,NA,NA,NA
MS61,2022-2024,8,CVar_CABLE_ABATTAGE,2025-05-23,137,2025-05-20,3,2.142857142857143,63.93333333333334,intra_chantier,NA,NA,NA,NA,NA,NA,NA,NA
MS64,2022-2024,4,CVar_CABLE_ABATTAGE,2025-03-27,200,2025-03-06,21,15,13.333333333333334,intra_chantier,NA,NA,NA,NA,NA,NA,NA,NA
MS64,2022-2024,4,CVar_CABLE_ABATTAGE,2025-05-21,109,2025-04-24,27,19.285714285714285,5.651851851851852,intra_chantier,NA,NA,NA,NA,NA,NA,NA,NA
MS7,2025,11,CVar_CABLE_ABATTAGE,2025-09-02,700,2025-07-10,54,38.57142857142857,18.14814814814815,intra_chantier,NA,NA,NA,NA,NA,NA,NA,NA
MS7,2025,11,CVar_CABLE_ABATTAGE,2025-11-06,600,2025-09-02,65,46.42857142857143,12.923076923076923,intra_chantier,NA,NA,NA,NA,NA,NA,NA,NA
MS7,2025,11,CVar_CABLE_ABATTAGE,2025-12-12,2385.3500000000004,2025-11-06,36,25.714285714285715,92.76361111111112,intra_chantier,NA,NA,NA,NA,NA,NA,NA,NA
MS3,2022-2024,NA,NA,NA,NA,NA,NA,60.28571428571429,33.37125592417061,inter_chantier,84.28571428571429,2011.81,Plaine,NA,NA,NA,NA,NA
MS4,2022-2024,NA,NA,NA,NA,NA,NA,24.571428571428573,32.55813953488372,inter_chantier,28.571428571428573,800,Plaine,NA,NA,NA,NA,NA
MS5,2022-2024,NA,NA,NA,NA,NA,NA,13.142857142857142,50.98586956521739,inter_chantier,17.142857142857142,670.1,Montagne,NA,NA,NA,NA,NA
MS10_lot1,2022-2024,NA,NA,NA,NA,NA,NA,60.57142857142857,44.20318396226415,inter_chantier,78.57142857142857,2677.45,Montagne,NA,NA,NA,NA,NA
MS10_lot2,2022-2024,NA,NA,NA,NA,NA,NA,46,94.56521739130434,inter_chantier,60,4350,Montagne,NA,NA,NA,NA,NA
MS18,2022-2024,NA,NA,NA,NA,NA,NA,52.57142857142857,48.60967391304348,inter_chantier,88.57142857142857,2555.48,Montagne,NA,NA,NA,NA,NA
MS19_lot2,2022-2024,NA,NA,NA,NA,NA,NA,44.142857142857146,33.78508090614886,inter_chantier,52.142857142857146,1491.37,Montagne,NA,NA,NA,NA,NA
MS20,2022-2024,NA,NA,NA,NA,NA,NA,21.857142857142858,43.18954248366013,inter_chantier,27.857142857142858,944,Montagne,NA,NA,NA,NA,NA
MS22,2022-2024,NA,NA,NA,NA,NA,NA,34.285714285714285,26.25,inter_chantier,44.285714285714285,900,Montagne,NA,NA,NA,NA,NA
MS23,2022-2024,NA,NA,NA,NA,NA,NA,57.57142857142857,34.878411910669975,inter_chantier,73.57142857142857,2008,Plaine,NA,NA,NA,NA,NA
MS24_lot1,2022-2024,NA,NA,NA,NA,NA,NA,35.285714285714285,27.263157894736842,inter_chantier,39.285714285714285,962,Plaine,NA,NA,NA,NA,NA
MS24_lot2,2022-2024,NA,NA,NA,NA,NA,NA,69.57142857142857,28.862422997946613,inter_chantier,73.57142857142857,2008,Plaine,NA,NA,NA,NA,NA
MS27,2022-2024,NA,NA,NA,NA,NA,NA,26.857142857142858,48.59936170212766,inter_chantier,32.857142857142854,1305.24,Plaine,NA,NA,NA,NA,NA
MS29,2022-2024,NA,NA,NA,NA,NA,NA,59.57142857142857,14.427218225419665,inter_chantier,63.57142857142857,859.45,Plaine,NA,NA,NA,NA,NA
MS30,2022-2024,NA,NA,NA,NA,NA,NA,52.714285714285715,23.02981029810298,inter_chantier,60.714285714285715,1214,Plaine,NA,NA,NA,NA,NA
MS31_lot1,2022-2024,NA,NA,NA,NA,NA,NA,7.7142857142857135,161.55714814814817,inter_chantier,15.714285714285714,1246.298,Plaine,NA,NA,NA,NA,NA
MS31_lot2,2022-2024,NA,NA,NA,NA,NA,NA,11.714285714285714,106.39129268292683,inter_chantier,15.714285714285714,1246.298,Plaine,NA,NA,NA,NA,NA
MS31_lot4,2022-2024,NA,NA,NA,NA,NA,NA,9.714285714285714,128.29538235294117,inter_chantier,15.714285714285714,1246.298,Plaine,NA,NA,NA,NA,NA
MS32,2022-2024,NA,NA,NA,NA,NA,NA,27.42857142857143,35.003682291666664,inter_chantier,41.42857142857143,960.101,Plaine,NA,NA,NA,NA,NA
MS34,2022-2024,NA,NA,NA,NA,NA,NA,26.142857142857142,57.37704918032787,inter_chantier,32.142857142857146,1500,Montagne,NA,NA,NA,NA,NA
MS35,2022-2024,NA,NA,NA,NA,NA,NA,65.14285714285714,32.23684210526316,inter_chantier,87.14285714285714,2100,Plaine,NA,NA,NA,NA,NA
MS37_lot1,2022-2024,NA,NA,NA,NA,NA,NA,31.42857142857143,84.25454545454545,inter_chantier,41.42857142857143,2648,Plaine,NA,NA,NA,NA,NA
MS37_lot2,2022-2024,NA,NA,NA,NA,NA,NA,37.42857142857143,70.74809160305342,inter_chantier,41.42857142857143,2648,Montagne,NA,NA,NA,NA,NA
MS38,2022-2024,NA,NA,NA,NA,NA,NA,20.142857142857142,49.43931205673759,inter_chantier,32.142857142857146,995.849,Plaine,NA,NA,NA,NA,NA
MS41,2022-2024,NA,NA,NA,NA,NA,NA,49.142857142857146,35.28488372093023,inter_chantier,57.142857142857146,1734,Montagne,NA,NA,NA,NA,NA
MS45,2022-2024,NA,NA,NA,NA,NA,NA,37.57142857142857,41.28136882129278,inter_chantier,43.57142857142857,1551,Plaine,NA,NA,NA,NA,NA
MS46,2022-2024,NA,NA,NA,NA,NA,NA,57.14285714285714,25.6655,inter_chantier,67.14285714285714,1466.6,Montagne,NA,NA,NA,NA,NA
MS47,2022-2024,NA,NA,NA,NA,NA,NA,8.285714285714286,219.121724137931,inter_chantier,14.285714285714286,1815.58,Montagne,NA,NA,NA,NA,NA
MS49,2022-2024,NA,NA,NA,NA,NA,NA,42.285714285714285,20.44626689189189,inter_chantier,54.285714285714285,864.585,Plaine,NA,NA,NA,NA,NA
MS51,2022-2024,NA,NA,NA,NA,NA,NA,3.428571428571429,254.10787499999998,inter_chantier,11.428571428571429,871.227,Montagne,NA,NA,NA,NA,NA
MS52,2022-2024,NA,NA,NA,NA,NA,NA,15.285714285714285,44.74635514018692,inter_chantier,19.285714285714285,683.98,Plaine,NA,NA,NA,NA,NA
MS55,2022-2024,NA,NA,NA,NA,NA,NA,103.71428571428572,14.77289256198347,inter_chantier,115.71428571428572,1532.16,Plaine,NA,NA,NA,NA,NA
MS57,2022-2024,NA,NA,NA,NA,NA,NA,36.142857142857146,42.69169960474308,inter_chantier,62.142857142857146,1543,Plaine,NA,NA,NA,NA,NA
MS60,2022-2024,NA,NA,NA,NA,NA,NA,45,43.55555555555556,inter_chantier,65,1960,Plaine,NA,NA,NA,NA,NA
MS61,2022-2024,NA,NA,NA,NA,NA,NA,105.14285714285714,28.570652173913043,inter_chantier,127.14285714285714,3004,Plaine,NA,NA,NA,NA,NA
MS2,2025,NA,NA,NA,NA,NA,NA,11.714285714285714,75.57976829268294,inter_chantier,15.714285714285714,885.363,Montagne,NA,NA,NA,NA,NA
MS7,2025,NA,NA,NA,NA,NA,NA,105.42857142857144,32.11036585365853,inter_chantier,111.42857142857144,3385.35,Plaine,NA,NA,NA,NA,NA
MS11,2025,NA,NA,NA,NA,NA,NA,31,42.903225806451616,inter_chantier,45,1330,Montagne,NA,NA,NA,NA,NA
MS15_lot1,2025,NA,NA,NA,NA,NA,NA,52.714285714285715,40.03943089430894,inter_chantier,60.714285714285715,2110.65,Montagne,NA,NA,NA,NA,NA
MS15_lot2,2025,NA,NA,NA,NA,NA,NA,40.714285714285715,51.840526315789475,inter_chantier,60.714285714285715,2110.65,Montagne,NA,NA,NA,NA,NA
MS17,2025,NA,NA,NA,NA,NA,NA,33.857142857142854,13.29113924050633,inter_chantier,57.857142857142854,450,Plaine,NA,NA,NA,NA,NA
MS18,2025,NA,NA,NA,NA,NA,NA,11.142857142857142,77.55883333333334,inter_chantier,17.142857142857142,864.227,Montagne,NA,NA,NA,NA,NA
MS20,2025,NA,NA,NA,NA,NA,NA,28,25.04642857142857,inter_chantier,40,701.3,Montagne,NA,NA,NA,NA,NA
MS42,2025,NA,NA,NA,NA,NA,NA,46.857142857142854,19.01970426829268,inter_chantier,52.857142857142854,891.209,Plaine,NA,NA,NA,NA,NA
NA,NA,1,NA,NA,NA,NA,329,235,23.676042553191493,annuelle_etf,NA,NA,NA,2023,5563.870000000001,4,2023-01-19,2023-12-13
NA,NA,1,NA,NA,NA,NA,297,212.14285714285714,14.9756632996633,annuelle_etf,NA,NA,NA,2024,3176.98,5,2024-02-21,2024-12-13
NA,NA,2,NA,NA,NA,NA,338,241.42857142857144,12.608284023668638,annuelle_etf,NA,NA,NA,2024,3044,3,2024-01-03,2024-12-05
NA,NA,2,NA,NA,NA,NA,219,156.42857142857144,14.8924200913242,annuelle_etf,NA,NA,NA,2025,2329.6,2,2025-01-22,2025-08-28
NA,NA,3,NA,NA,NA,NA,269,192.14285714285714,16.752223048327135,annuelle_etf,NA,NA,NA,2023,3218.8199999999997,3,2023-04-06,2023-12-30
NA,NA,3,NA,NA,NA,NA,330,235.71428571428572,7.658844242424242,annuelle_etf,NA,NA,NA,2024,1805.299,4,2024-01-22,2024-12-16
NA,NA,4,NA,NA,NA,NA,298,212.85714285714286,14.090389261744965,annuelle_etf,NA,NA,NA,2024,2999.24,3,2024-02-13,2024-12-06
NA,NA,4,NA,NA,NA,NA,324,231.42857142857144,9.567962962962962,annuelle_etf,NA,NA,NA,2025,2214.3,5,2025-01-22,2025-12-11
NA,NA,8,NA,NA,NA,NA,323,230.71428571428572,14.519222291021672,annuelle_etf,NA,NA,NA,2025,3349.792,6,2025-02-03,2025-12-22
